fecha_inicio,fecha_fin,dias_entre_fechas,dias_evaluados,dias_no_evaluados,hora_apertura,v_rango,v_espera,TP_Ticks,SL_ticks,Tipo_vela_rompimiento,duracion_vela,tick_size,dias_sin_entrada,TPs_alcanzados,SLs_alcanzados,Ticks_totales_TPs,Ticks_totales_SLs,Ticks_totales_estrategia,Margen_Utilidad_2,Absoluto_Ticks_totales,Margen_Utilidad
44938,45626,689,366,323,0.625,3,24,360,60,1,5,0.00001,114,36,216,12960,12960,0,0,0,0
44938,45626,689,366,323,0.625,6,1,35,210,1,5,0.00001,275,78,13,2730,2730,0,0,0,0
44938,45626,689,366,323,0.625,6,1,60,135,1,5,0.00001,275,63,28,3780,3780,0,0,0,0
44938,45626,689,366,323,0.625,6,1,135,360,0,5,0.00001,311,40,15,5400,5400,0,0,0,0
44938,45626,689,366,323,0.625,6,3,360,360,0,5,0.00001,256,55,55,19800,19800,0,0,0,0
44938,45626,689,366,323,0.625,6,6,35,260,0,5,0.00001,189,156,21,5460,5460,0,0,0,0
44938,45626,689,366,323,0.625,6,18,285,285,0,5,0.00001,154,106,106,30210,30210,0,0,0,0
44938,45626,689,366,323,0.625,6,18,335,335,1,5,0.00001,132,117,117,39195,39195,0,0,0,0
44938,45626,689,366,323,0.625,6,24,285,260,0,5,0.00001,148,104,114,29640,29640,0,0,0,0
44938,45626,689,366,323,0.625,12,1,35,35,0,5,0.00001,350,8,8,280,280,0,0,0,0
44938,45626,689,366,323,0.625,12,1,135,135,0,5,0.00001,350,8,8,1080,1080,0,0,0,0
44938,45626,689,366,323,0.625,12,1,160,160,0,5,0.00001,350,8,8,1280,1280,0,0,0,0
44938,45626,689,366,323,0.625,12,1,260,260,0,5,0.00001,350,8,8,2080,2080,0,0,0,0
44938,45626,689,366,323,0.625,12,1,285,285,0,5,0.00001,350,8,8,2280,2280,0,0,0,0
44938,45626,689,366,323,0.625,12,3,35,135,0,5,0.00001,332,27,7,945,945,0,0,0,0
44938,45626,689,366,323,0.625,12,3,60,110,0,5,0.00001,332,22,12,1320,1320,0,0,0,0
44938,45626,689,366,323,0.625,12,3,210,210,0,5,0.00001,332,17,17,3570,3570,0,0,0,0
44938,45626,689,366,323,0.625,12,3,310,310,1,5,0.00001,286,40,40,12400,12400,0,0,0,0
44938,45626,689,366,323,0.625,12,6,310,310,1,5,0.00001,266,50,50,15500,15500,0,0,0,0
44938,45626,689,366,323,0.625,12,12,360,260,0,5,0.00001,273,39,54,14040,14040,0,0,0,0
44938,45626,689,366,323,0.625,12,18,60,360,0,5,0.00001,254,96,16,5760,5760,0,0,0,0
44938,45626,689,366,323,0.625,12,18,360,360,1,5,0.00001,202,82,82,29520,29520,0,0,0,0
44938,45626,689,366,323,0.625,18,1,60,135,0,5,0.00001,353,9,4,540,540,0,0,0,0
44938,45626,689,366,323,0.625,18,1,360,160,0,5,0.00001,353,4,9,1440,1440,0,0,0,0
44938,45626,689,366,323,0.625,18,3,35,110,0,5,0.00001,337,22,7,770,770,0,0,0,0
44938,45626,689,366,323,0.625,18,3,360,160,1,5,0.00001,314,16,36,5760,5760,0,0,0,0
44938,45626,689,366,323,0.625,18,18,110,335,1,5,0.00001,188,134,44,14740,14740,0,0,0,0
44938,45626,689,366,323,0.625,18,24,60,335,0,5,0.00001,208,134,24,8040,8040,0,0,0,0
44938,45626,689,366,323,0.625,24,1,260,260,0,5,0.00001,350,8,8,2080,2080,0,0,0,0
44938,45626,689,366,323,0.625,24,1,360,160,1,5,0.00001,327,12,27,4320,4320,0,0,0,0
44938,45626,689,366,323,0.625,24,3,35,210,0,5,0.00001,324,36,6,1260,1260,0,0,0,0
44938,45626,689,366,323,0.625,24,12,185,185,1,5,0.00001,236,65,65,12025,12025,0,0,0,0
44938,45626,689,366,323,0.625,24,12,235,235,1,5,0.00001,236,65,65,15275,15275,0,0,0,0
44938,45626,689,366,323,0.625,24,12,360,360,1,5,0.00001,236,65,65,23400,23400,0,0,0,0
44938,45626,689,366,323,0.625,24,24,210,210,1,5,0.00001,176,95,95,19950,19950,0,0,0,0
44938,45626,689,366,323,0.666666667,3,1,160,160,0,5,0.00001,326,20,20,3200,3200,0,0,0,0
44938,45626,689,366,323,0.666666667,3,1,235,235,0,5,0.00001,326,20,20,4700,4700,0,0,0,0
44938,45626,689,366,323,0.666666667,3,1,235,235,1,5,0.00001,288,39,39,9165,9165,0,0,0,0
44938,45626,689,366,323,0.666666667,3,1,285,285,0,5,0.00001,326,20,20,5700,5700,0,0,0,0
44938,45626,689,366,323,0.666666667,3,1,310,310,0,5,0.00001,326,20,20,6200,6200,0,0,0,0
44938,45626,689,366,323,0.666666667,3,6,60,135,0,5,0.00001,249,81,36,4860,4860,0,0,0,0
44938,45626,689,366,323,0.666666667,3,6,85,110,0,5,0.00001,249,66,51,5610,5610,0,0,0,0
44938,45626,689,366,323,0.666666667,3,6,335,335,1,5,0.00001,202,82,82,27470,27470,0,0,0,0
44938,45626,689,366,323,0.666666667,3,18,360,160,0,5,0.00001,158,64,144,23040,23040,0,0,0,0
44938,45626,689,366,323,0.666666667,3,18,360,235,1,5,0.00001,128,94,144,33840,33840,0,0,0,0
44938,45626,689,366,323,0.666666667,3,24,160,160,0,5,0.00001,144,111,111,17760,17760,0,0,0,0
44938,45626,689,366,323,0.666666667,3,24,335,335,0,5,0.00001,144,111,111,37185,37185,0,0,0,0
44938,45626,689,366,323,0.666666667,3,24,360,360,1,5,0.00001,120,123,123,44280,44280,0,0,0,0
44938,45626,689,366,323,0.666666667,6,1,60,60,1,5,0.00001,318,24,24,1440,1440,0,0,0,0
44938,45626,689,366,323,0.666666667,6,1,60,210,0,5,0.00001,339,21,6,1260,1260,0,0,0,0
44938,45626,689,366,323,0.666666667,6,1,135,135,1,5,0.00001,318,24,24,3240,3240,0,0,0,0
44938,45626,689,366,323,0.666666667,6,1,160,110,0,5,0.00001,339,11,16,1760,1760,0,0,0,0
44938,45626,689,366,323,0.666666667,6,1,260,260,1,5,0.00001,318,24,24,6240,6240,0,0,0,0
44938,45626,689,366,323,0.666666667,6,1,285,285,1,5,0.00001,318,24,24,6840,6840,0,0,0,0
44938,45626,689,366,323,0.666666667,6,1,310,310,1,5,0.00001,318,24,24,7440,7440,0,0,0,0
44938,45626,689,366,323,0.666666667,6,3,135,135,1,5,0.00001,268,49,49,6615,6615,0,0,0,0
44938,45626,689,366,323,0.666666667,6,3,260,260,1,5,0.00001,268,49,49,12740,12740,0,0,0,0
44938,45626,689,366,323,0.666666667,6,3,285,285,1,5,0.00001,268,49,49,13965,13965,0,0,0,0
44938,45626,689,366,323,0.666666667,6,6,335,335,1,5,0.00001,172,97,97,32495,32495,0,0,0,0
44938,45626,689,366,323,0.666666667,6,24,135,135,1,5,0.00001,124,121,121,16335,16335,0,0,0,0
44938,45626,689,366,323,0.666666667,6,24,260,260,1,5,0.00001,124,121,121,31460,31460,0,0,0,0
44938,45626,689,366,323,0.666666667,12,3,35,260,0,5,0.00001,307,52,7,1820,1820,0,0,0,0
44938,45626,689,366,323,0.666666667,12,6,35,210,0,5,0.00001,289,66,11,2310,2310,0,0,0,0
44938,45626,689,366,323,0.666666667,18,3,60,310,0,5,0.00001,329,31,6,1860,1860,0,0,0,0
44938,45626,689,366,323,0.666666667,18,3,110,110,1,5,0.00001,298,34,34,3740,3740,0,0,0,0
44938,45626,689,366,323,0.666666667,18,3,160,160,1,5,0.00001,298,34,34,5440,5440,0,0,0,0
44938,45626,689,366,323,0.666666667,18,3,185,185,1,5,0.00001,298,34,34,6290,6290,0,0,0,0
44938,45626,689,366,323,0.666666667,18,6,235,360,1,5,0.00001,247,72,47,16920,16920,0,0,0,0
44938,45626,689,366,323,0.666666667,18,18,35,210,1,5,0.00001,149,186,31,6510,6510,0,0,0,0
44938,45626,689,366,323,0.666666667,18,18,160,160,0,5,0.00001,170,98,98,15680,15680,0,0,0,0
44938,45626,689,366,323,0.666666667,18,24,160,160,1,5,0.00001,128,119,119,19040,19040,0,0,0,0
44938,45626,689,366,323,0.666666667,24,1,35,35,0,5,0.00001,332,17,17,595,595,0,0,0,0
44938,45626,689,366,323,0.666666667,24,1,185,185,0,5,0.00001,332,17,17,3145,3145,0,0,0,0
44938,45626,689,366,323,0.666666667,24,1,210,360,1,5,0.00001,309,36,21,7560,7560,0,0,0,0
44938,45626,689,366,323,0.666666667,24,1,235,235,0,5,0.00001,332,17,17,3995,3995,0,0,0,0
44938,45626,689,366,323,0.666666667,24,1,260,260,0,5,0.00001,332,17,17,4420,4420,0,0,0,0
44938,45626,689,366,323,0.666666667,24,6,85,85,0,5,0.00001,254,56,56,4760,4760,0,0,0,0
44938,45626,689,366,323,0.666666667,24,6,135,135,0,5,0.00001,254,56,56,7560,7560,0,0,0,0
44938,45626,689,366,323,0.666666667,24,24,260,260,0,5,0.00001,134,116,116,30160,30160,0,0,0,0
44938,45626,689,366,323,0.666666667,24,24,285,285,0,5,0.00001,134,116,116,33060,33060,0,0,0,0
44938,45626,689,366,323,0.666666667,24,24,310,310,0,5,0.00001,134,116,116,35960,35960,0,0,0,0
44938,45626,689,366,323,0.708333333,0,3,35,35,0,5,0.00001,244,61,61,2135,2135,0,0,0,0
44938,45626,689,366,323,0.708333333,0,6,60,185,1,5,0.00001,170,148,48,8880,8880,0,0,0,0
44938,45626,689,366,323,0.708333333,0,6,360,360,1,5,0.00001,170,98,98,35280,35280,0,0,0,0
44938,45626,689,366,323,0.708333333,0,12,60,60,0,5,0.00001,170,98,98,5880,5880,0,0,0,0
44938,45626,689,366,323,0.708333333,0,12,160,160,0,5,0.00001,170,98,98,15680,15680,0,0,0,0
44938,45626,689,366,323,0.708333333,0,12,210,210,0,5,0.00001,170,98,98,20580,20580,0,0,0,0
44938,45626,689,366,323,0.708333333,0,12,285,135,0,5,0.00001,170,63,133,17955,17955,0,0,0,0
44938,45626,689,366,323,0.708333333,0,18,110,110,0,5,0.00001,146,110,110,12100,12100,0,0,0,0
44938,45626,689,366,323,0.708333333,0,18,160,160,0,5,0.00001,146,110,110,17600,17600,0,0,0,0
44938,45626,689,366,323,0.708333333,0,18,185,185,0,5,0.00001,146,110,110,20350,20350,0,0,0,0
44938,45626,689,366,323,0.708333333,0,18,210,210,0,5,0.00001,146,110,110,23100,23100,0,0,0,0
44938,45626,689,366,323,0.708333333,0,18,260,260,0,5,0.00001,146,110,110,28600,28600,0,0,0,0
44938,45626,689,366,323,0.708333333,0,18,285,285,0,5,0.00001,146,110,110,31350,31350,0,0,0,0
44938,45626,689,366,323,0.708333333,0,24,160,260,0,5,0.00001,135,143,88,22880,22880,0,0,0,0
44938,45626,689,366,323,0.708333333,0,24,185,185,1,5,0.00001,128,119,119,22015,22015,0,0,0,0
44938,45626,689,366,323,0.708333333,0,24,235,235,1,5,0.00001,128,119,119,27965,27965,0,0,0,0
44938,45626,689,366,323,0.708333333,0,24,235,360,1,5,0.00001,128,144,94,33840,33840,0,0,0,0
44938,45626,689,366,323,0.708333333,0,24,260,160,0,5,0.00001,135,88,143,22880,22880,0,0,0,0
44938,45626,689,366,323,0.708333333,0,24,285,310,1,5,0.00001,128,124,114,35340,35340,0,0,0,0
44938,45626,689,366,323,0.708333333,0,24,360,135,0,5,0.00001,135,63,168,22680,22680,0,0,0,0
44938,45626,689,366,323,0.708333333,3,1,60,60,0,5,0.00001,332,17,17,1020,1020,0,0,0,0
44938,45626,689,366,323,0.708333333,3,1,85,85,0,5,0.00001,332,17,17,1445,1445,0,0,0,0
44938,45626,689,366,323,0.708333333,3,1,110,60,0,5,0.00001,332,12,22,1320,1320,0,0,0,0
44938,45626,689,366,323,0.708333333,3,3,310,35,0,5,0.00001,297,7,62,2170,2170,0,0,0,0
44938,45626,689,366,323,0.708333333,3,6,110,110,1,5,0.00001,194,86,86,9460,9460,0,0,0,0
44938,45626,689,366,323,0.708333333,3,6,135,135,1,5,0.00001,194,86,86,11610,11610,0,0,0,0
44938,45626,689,366,323,0.708333333,3,6,210,335,0,5,0.00001,257,67,42,14070,14070,0,0,0,0
44938,45626,689,366,323,0.708333333,3,6,285,260,0,5,0.00001,257,52,57,14820,14820,0,0,0,0
44938,45626,689,366,323,0.708333333,3,12,210,360,1,5,0.00001,138,144,84,30240,30240,0,0,0,0
44938,45626,689,366,323,0.708333333,3,18,60,110,1,5,0.00001,128,154,84,9240,9240,0,0,0,0
44938,45626,689,366,323,0.708333333,3,18,60,360,1,5,0.00001,128,204,34,12240,12240,0,0,0,0
44938,45626,689,366,323,0.708333333,3,18,110,60,1,5,0.00001,128,84,154,9240,9240,0,0,0,0
44938,45626,689,366,323,0.708333333,3,18,160,160,1,5,0.00001,128,119,119,19040,19040,0,0,0,0
44938,45626,689,366,323,0.708333333,3,18,310,310,1,5,0.00001,128,119,119,36890,36890,0,0,0,0
44938,45626,689,366,323,0.708333333,6,1,310,310,1,5,0.00001,304,31,31,9610,9610,0,0,0,0
44938,45626,689,366,323,0.708333333,6,3,35,160,1,5,0.00001,249,96,21,3360,3360,0,0,0,0
44938,45626,689,366,323,0.708333333,6,3,160,35,1,5,0.00001,249,21,96,3360,3360,0,0,0,0
44938,45626,689,366,323,0.708333333,6,3,360,160,0,5,0.00001,301,20,45,7200,7200,0,0,0,0
44938,45626,689,366,323,0.708333333,6,12,110,35,0,5,0.00001,163,49,154,5390,5390,0,0,0,0
44938,45626,689,366,323,0.708333333,6,12,360,60,0,5,0.00001,163,29,174,10440,10440,0,0,0,0
44938,45626,689,366,323,0.708333333,12,1,135,135,1,5,0.00001,286,40,40,5400,5400,0,0,0,0
44938,45626,689,366,323,0.708333333,12,3,210,60,0,5,0.00001,267,22,77,4620,4620,0,0,0,0
44938,45626,689,366,323,0.708333333,12,18,110,110,0,5,0.00001,128,119,119,13090,13090,0,0,0,0
44938,45626,689,366,323,0.708333333,12,24,60,360,1,5,0.00001,114,216,36,12960,12960,0,0,0,0
44938,45626,689,366,323,0.708333333,12,24,110,110,0,5,0.00001,120,123,123,13530,13530,0,0,0,0
44938,45626,689,366,323,0.708333333,12,24,160,160,1,5,0.00001,114,126,126,20160,20160,0,0,0,0
44938,45626,689,366,323,0.708333333,18,1,210,210,0,5,0.00001,346,10,10,2100,2100,0,0,0,0
44938,45626,689,366,323,0.708333333,18,1,310,310,0,5,0.00001,346,10,10,3100,3100,0,0,0,0
44938,45626,689,366,323,0.708333333,18,1,335,335,0,5,0.00001,346,10,10,3350,3350,0,0,0,0
44938,45626,689,366,323,0.708333333,18,1,360,360,0,5,0.00001,346,10,10,3600,3600,0,0,0,0
44938,45626,689,366,323,0.708333333,18,3,260,260,1,5,0.00001,264,51,51,13260,13260,0,0,0,0
44938,45626,689,366,323,0.708333333,18,3,310,310,1,5,0.00001,264,51,51,15810,15810,0,0,0,0
44938,45626,689,366,323,0.708333333,18,6,185,185,0,5,0.00001,226,70,70,12950,12950,0,0,0,0
44938,45626,689,366,323,0.708333333,18,6,210,160,1,5,0.00001,181,80,105,16800,16800,0,0,0,0
44938,45626,689,366,323,0.708333333,18,18,35,35,1,5,0.00001,118,124,124,4340,4340,0,0,0,0
44938,45626,689,366,323,0.708333333,18,18,235,235,1,5,0.00001,118,124,124,29140,29140,0,0,0,0
44938,45626,689,366,323,0.708333333,18,24,235,360,0,5,0.00001,128,144,94,33840,33840,0,0,0,0
44938,45626,689,366,323,0.708333333,24,1,360,210,0,5,0.00001,309,21,36,7560,7560,0,0,0,0
44938,45626,689,366,323,0.708333333,24,18,85,85,0,5,0.00001,150,108,108,9180,9180,0,0,0,0
44938,45626,689,366,323,0.708333333,24,18,285,285,0,5,0.00001,150,108,108,30780,30780,0,0,0,0
44938,45626,689,366,323,0.708333333,24,18,310,310,0,5,0.00001,150,108,108,33480,33480,0,0,0,0
44938,45626,689,366,323,0.708333333,24,18,335,335,0,5,0.00001,150,108,108,36180,36180,0,0,0,0
44938,45626,689,366,323,0.708333333,24,24,160,360,1,5,0.00001,119,171,76,27360,27360,0,0,0,0
44938,45626,689,366,323,0.708333333,24,24,210,360,1,5,0.00001,119,156,91,32760,32760,0,0,0,0
44938,45626,689,366,323,0.75,0,3,135,135,0,5,0.00001,188,89,89,12015,12015,0,0,0,0
44938,45626,689,366,323,0.75,0,3,235,210,0,5,0.00001,188,84,94,19740,19740,0,0,0,0
44938,45626,689,366,323,0.75,0,3,285,160,0,5,0.00001,188,64,114,18240,18240,0,0,0,0
44938,45626,689,366,323,0.75,0,3,310,135,0,5,0.00001,188,54,124,16740,16740,0,0,0,0
44938,45626,689,366,323,0.75,0,6,235,235,1,5,0.00001,120,123,123,28905,28905,0,0,0,0
44938,45626,689,366,323,0.75,0,6,285,285,1,5,0.00001,120,123,123,35055,35055,0,0,0,0
44938,45626,689,366,323,0.75,0,6,360,360,0,5,0.00001,148,109,109,39240,39240,0,0,0,0
44938,45626,689,366,323,0.75,0,6,360,360,1,5,0.00001,120,123,123,44280,44280,0,0,0,0
44938,45626,689,366,323,0.75,0,12,210,210,0,5,0.00001,118,124,124,26040,26040,0,0,0,0
44938,45626,689,366,323,0.75,0,12,285,285,0,5,0.00001,118,124,124,35340,35340,0,0,0,0
44938,45626,689,366,323,0.75,0,12,285,335,0,5,0.00001,118,134,114,38190,38190,0,0,0,0
44938,45626,689,366,323,0.75,0,12,310,310,0,5,0.00001,118,124,124,38440,38440,0,0,0,0
44938,45626,689,366,323,0.75,0,18,110,110,0,5,0.00001,108,129,129,14190,14190,0,0,0,0
44938,45626,689,366,323,0.75,0,18,235,235,1,5,0.00001,108,129,129,30315,30315,0,0,0,0
44938,45626,689,366,323,0.75,0,18,285,285,0,5,0.00001,108,129,129,36765,36765,0,0,0,0
44938,45626,689,366,323,0.75,0,18,285,285,1,5,0.00001,108,129,129,36765,36765,0,0,0,0
44938,45626,689,366,323,0.75,0,18,285,360,1,5,0.00001,108,144,114,41040,41040,0,0,0,0
44938,45626,689,366,323,0.75,0,18,360,360,0,5,0.00001,108,129,129,46440,46440,0,0,0,0
44938,45626,689,366,323,0.75,0,24,110,110,0,5,0.00001,108,129,129,14190,14190,0,0,0,0
44938,45626,689,366,323,0.75,0,24,235,235,1,5,0.00001,108,129,129,30315,30315,0,0,0,0
44938,45626,689,366,323,0.75,0,24,285,285,0,5,0.00001,108,129,129,36765,36765,0,0,0,0
44938,45626,689,366,323,0.75,0,24,285,285,1,5,0.00001,108,129,129,36765,36765,0,0,0,0
44938,45626,689,366,323,0.75,0,24,285,360,1,5,0.00001,108,144,114,41040,41040,0,0,0,0
44938,45626,689,366,323,0.75,0,24,360,360,0,5,0.00001,108,129,129,46440,46440,0,0,0,0
44938,45626,689,366,323,0.75,3,3,60,235,1,5,0.00001,189,141,36,8460,8460,0,0,0,0
44938,45626,689,366,323,0.75,3,6,35,185,1,5,0.00001,146,185,35,6475,6475,0,0,0,0
44938,45626,689,366,323,0.75,3,18,260,260,1,5,0.00001,108,129,129,33540,33540,0,0,0,0
44938,45626,689,366,323,0.75,3,18,310,335,1,5,0.00001,108,134,124,41540,41540,0,0,0,0
44938,45626,689,366,323,0.75,3,24,260,260,1,5,0.00001,108,129,129,33540,33540,0,0,0,0
44938,45626,689,366,323,0.75,3,24,310,335,1,5,0.00001,108,134,124,41540,41540,0,0,0,0
44938,45626,689,366,323,0.75,3,24,360,285,0,5,0.00001,108,114,144,41040,41040,0,0,0,0
44938,45626,689,366,323,0.75,6,1,35,35,0,5,0.00001,328,19,19,665,665,0,0,0,0
44938,45626,689,366,323,0.75,6,1,185,185,0,5,0.00001,328,19,19,3515,3515,0,0,0,0
44938,45626,689,366,323,0.75,6,1,235,235,0,5,0.00001,328,19,19,4465,4465,0,0,0,0
44938,45626,689,366,323,0.75,6,1,260,260,0,5,0.00001,328,19,19,4940,4940,0,0,0,0
44938,45626,689,366,323,0.75,6,1,285,285,0,5,0.00001,328,19,19,5415,5415,0,0,0,0
44938,45626,689,366,323,0.75,6,6,310,310,0,5,0.00001,172,97,97,30070,30070,0,0,0,0
44938,45626,689,366,323,0.75,6,6,335,335,0,5,0.00001,172,97,97,32495,32495,0,0,0,0
44938,45626,689,366,323,0.75,6,6,360,360,0,5,0.00001,172,97,97,34920,34920,0,0,0,0
44938,45626,689,366,323,0.75,6,6,360,360,1,5,0.00001,130,118,118,42480,42480,0,0,0,0
44938,45626,689,366,323,0.75,6,24,285,285,0,5,0.00001,110,128,128,36480,36480,0,0,0,0
44938,45626,689,366,323,0.75,12,1,60,310,0,5,0.00001,292,62,12,3720,3720,0,0,0,0
44938,45626,689,366,323,0.75,12,1,210,210,1,5,0.00001,236,65,65,13650,13650,0,0,0,0
44938,45626,689,366,323,0.75,12,3,160,160,0,5,0.00001,228,69,69,11040,11040,0,0,0,0
44938,45626,689,366,323,0.75,12,6,160,160,0,5,0.00001,178,94,94,15040,15040,0,0,0,0
44938,45626,689,366,323,0.75,12,6,235,235,0,5,0.00001,178,94,94,22090,22090,0,0,0,0
44938,45626,689,366,323,0.75,12,12,135,210,0,5,0.00001,136,140,90,18900,18900,0,0,0,0
44938,45626,689,366,323,0.75,12,12,160,160,0,5,0.00001,136,115,115,18400,18400,0,0,0,0
44938,45626,689,366,323,0.75,12,18,210,210,0,5,0.00001,126,120,120,25200,25200,0,0,0,0
44938,45626,689,366,323,0.75,18,1,35,60,1,5,0.00001,290,48,28,1680,1680,0,0,0,0
44938,45626,689,366,323,0.75,18,1,160,160,1,5,0.00001,290,38,38,6080,6080,0,0,0,0
44938,45626,689,366,323,0.75,18,1,260,110,0,5,0.00001,329,11,26,2860,2860,0,0,0,0
44938,45626,689,366,323,0.75,18,1,310,60,0,5,0.00001,329,6,31,1860,1860,0,0,0,0
44938,45626,689,366,323,0.75,18,1,360,210,1,5,0.00001,290,28,48,10080,10080,0,0,0,0
44938,45626,689,366,323,0.75,18,3,60,210,1,5,0.00001,231,105,30,6300,6300,0,0,0,0
44938,45626,689,366,323,0.75,18,3,135,135,0,5,0.00001,282,42,42,5670,5670,0,0,0,0
44938,45626,689,366,323,0.75,18,3,285,285,0,5,0.00001,282,42,42,11970,11970,0,0,0,0
44938,45626,689,366,323,0.75,18,6,85,85,1,5,0.00001,178,94,94,7990,7990,0,0,0,0
44938,45626,689,366,323,0.75,18,12,110,360,0,5,0.00001,178,144,44,15840,15840,0,0,0,0
44938,45626,689,366,323,0.75,18,12,160,310,0,5,0.00001,178,124,64,19840,19840,0,0,0,0
44938,45626,689,366,323,0.75,18,12,185,285,0,5,0.00001,178,114,74,21090,21090,0,0,0,0
44938,45626,689,366,323,0.75,18,12,210,260,0,5,0.00001,178,104,84,21840,21840,0,0,0,0
44938,45626,689,366,323,0.75,18,18,160,160,0,5,0.00001,150,108,108,17280,17280,0,0,0,0
44938,45626,689,366,323,0.75,18,18,185,185,0,5,0.00001,150,108,108,19980,19980,0,0,0,0
44938,45626,689,366,323,0.75,24,1,85,85,0,5,0.00001,342,12,12,1020,1020,0,0,0,0
44938,45626,689,366,323,0.75,24,1,135,135,0,5,0.00001,342,12,12,1620,1620,0,0,0,0
44938,45626,689,366,323,0.75,24,1,160,160,0,5,0.00001,342,12,12,1920,1920,0,0,0,0
44938,45626,689,366,323,0.75,24,1,185,185,0,5,0.00001,342,12,12,2220,2220,0,0,0,0
44938,45626,689,366,323,0.75,24,3,60,135,0,5,0.00001,301,45,20,2700,2700,0,0,0,0
44938,45626,689,366,323,0.75,24,6,160,160,1,5,0.00001,212,77,77,12320,12320,0,0,0,0
44938,45626,689,366,323,0.75,24,6,235,235,1,5,0.00001,212,77,77,18095,18095,0,0,0,0
44938,45626,689,366,323,0.75,24,12,85,85,1,5,0.00001,166,100,100,8500,8500,0,0,0,0
44938,45626,689,366,323,0.75,24,12,260,260,0,5,0.00001,200,83,83,21580,21580,0,0,0,0
44938,45626,689,366,323,0.75,24,12,310,310,0,5,0.00001,200,83,83,25730,25730,0,0,0,0
44938,45626,689,366,323,0.791666667,0,1,360,160,0,5,0.00001,249,36,81,12960,12960,0,0,0,0
44938,45626,689,366,323,0.791666667,0,3,135,135,0,5,0.00001,164,101,101,13635,13635,0,0,0,0
44938,45626,689,366,323,0.791666667,0,12,60,260,0,5,0.00001,110,208,48,12480,12480,0,0,0,0
44938,45626,689,366,323,0.791666667,0,12,85,85,0,5,0.00001,110,128,128,10880,10880,0,0,0,0
44938,45626,689,366,323,0.791666667,0,12,135,135,0,5,0.00001,110,128,128,17280,17280,0,0,0,0
44938,45626,689,366,323,0.791666667,0,12,310,310,0,5,0.00001,110,128,128,39680,39680,0,0,0,0
44938,45626,689,366,323,0.791666667,3,1,210,35,0,5,0.00001,296,10,60,2100,2100,0,0,0,0
44938,45626,689,366,323,0.791666667,3,3,35,35,1,5,0.00001,160,103,103,3605,3605,0,0,0,0
44938,45626,689,366,323,0.791666667,3,3,110,110,0,5,0.00001,224,71,71,7810,7810,0,0,0,0
44938,45626,689,366,323,0.791666667,3,3,360,360,0,5,0.00001,224,71,71,25560,25560,0,0,0,0
44938,45626,689,366,323,0.791666667,3,6,60,335,1,5,0.00001,129,201,36,12060,12060,0,0,0,0
44938,45626,689,366,323,0.791666667,3,18,135,135,1,5,0.00001,108,129,129,17415,17415,0,0,0,0
44938,45626,689,366,323,0.791666667,3,24,135,135,1,5,0.00001,108,129,129,17415,17415,0,0,0,0
44938,45626,689,366,323,0.791666667,6,1,260,260,0,5,0.00001,318,24,24,6240,6240,0,0,0,0
44938,45626,689,366,323,0.791666667,6,3,185,360,0,5,0.00001,257,72,37,13320,13320,0,0,0,0
44938,45626,689,366,323,0.791666667,6,3,335,210,0,5,0.00001,257,42,67,14070,14070,0,0,0,0
44938,45626,689,366,323,0.791666667,6,6,35,35,1,5,0.00001,146,110,110,3850,3850,0,0,0,0
44938,45626,689,366,323,0.791666667,6,6,60,60,1,5,0.00001,146,110,110,6600,6600,0,0,0,0
44938,45626,689,366,323,0.791666667,6,12,135,135,0,5,0.00001,144,111,111,14985,14985,0,0,0,0
44938,45626,689,366,323,0.791666667,6,12,235,135,0,5,0.00001,144,81,141,19035,19035,0,0,0,0
44938,45626,689,366,323,0.791666667,6,18,210,210,0,5,0.00001,124,121,121,25410,25410,0,0,0,0
44938,45626,689,366,323,0.791666667,12,1,160,160,0,5,0.00001,336,15,15,2400,2400,0,0,0,0
44938,45626,689,366,323,0.791666667,12,1,185,185,0,5,0.00001,336,15,15,2775,2775,0,0,0,0
44938,45626,689,366,323,0.791666667,12,3,360,235,1,5,0.00001,247,47,72,16920,16920,0,0,0,0
44938,45626,689,366,323,0.791666667,12,6,210,210,1,5,0.00001,184,91,91,19110,19110,0,0,0,0
44938,45626,689,366,323,0.791666667,12,6,235,235,0,5,0.00001,226,70,70,16450,16450,0,0,0,0
44938,45626,689,366,323,0.791666667,12,6,260,260,0,5,0.00001,226,70,70,18200,18200,0,0,0,0
44938,45626,689,366,323,0.791666667,12,6,335,335,0,5,0.00001,226,70,70,23450,23450,0,0,0,0
44938,45626,689,366,323,0.791666667,12,12,235,235,0,5,0.00001,170,98,98,23030,23030,0,0,0,0
44938,45626,689,366,323,0.791666667,12,12,260,260,0,5,0.00001,170,98,98,25480,25480,0,0,0,0
44938,45626,689,366,323,0.791666667,12,24,60,60,0,5,0.00001,134,116,116,6960,6960,0,0,0,0
44938,45626,689,366,323,0.791666667,12,24,60,360,1,5,0.00001,121,210,35,12600,12600,0,0,0,0
44938,45626,689,366,323,0.791666667,18,1,235,235,1,5,0.00001,290,38,38,8930,8930,0,0,0,0
44938,45626,689,366,323,0.791666667,18,1,260,260,1,5,0.00001,290,38,38,9880,9880,0,0,0,0
44938,45626,689,366,323,0.791666667,18,1,260,360,0,5,0.00001,335,18,13,4680,4680,0,0,0,0
44938,45626,689,366,323,0.791666667,18,3,35,210,0,5,0.00001,282,72,12,2520,2520,0,0,0,0
44938,45626,689,366,323,0.791666667,18,6,60,160,1,5,0.00001,201,120,45,7200,7200,0,0,0,0
44938,45626,689,366,323,0.791666667,24,24,360,60,0,5,0.00001,184,26,156,9360,9360,0,0,0,0
44938,45626,689,366,323,0.833333333,0,1,60,135,1,5,0.00001,158,144,64,8640,8640,0,0,0,0
44938,45626,689,366,323,0.833333333,0,1,210,60,0,5,0.00001,258,24,84,5040,5040,0,0,0,0
44938,45626,689,366,323,0.833333333,0,1,310,310,0,5,0.00001,258,54,54,16740,16740,0,0,0,0
44938,45626,689,366,323,0.833333333,0,1,335,335,0,5,0.00001,258,54,54,18090,18090,0,0,0,0
44938,45626,689,366,323,0.833333333,0,3,85,85,0,5,0.00001,162,102,102,8670,8670,0,0,0,0
44938,45626,689,366,323,0.833333333,0,3,110,60,0,5,0.00001,162,72,132,7920,7920,0,0,0,0
44938,45626,689,366,323,0.833333333,0,3,135,35,0,5,0.00001,162,42,162,5670,5670,0,0,0,0
44938,45626,689,366,323,0.833333333,0,3,335,335,0,5,0.00001,162,102,102,34170,34170,0,0,0,0
44938,45626,689,366,323,0.833333333,0,3,360,360,0,5,0.00001,162,102,102,36720,36720,0,0,0,0
44938,45626,689,366,323,0.833333333,0,3,360,360,1,5,0.00001,114,126,126,45360,45360,0,0,0,0
44938,45626,689,366,323,0.833333333,0,6,35,35,1,5,0.00001,108,129,129,4515,4515,0,0,0,0
44938,45626,689,366,323,0.833333333,0,6,135,135,1,5,0.00001,108,129,129,17415,17415,0,0,0,0
44938,45626,689,366,323,0.833333333,0,6,135,360,0,5,0.00001,113,184,69,24840,24840,0,0,0,0
44938,45626,689,366,323,0.833333333,0,6,210,135,0,5,0.00001,113,99,154,20790,20790,0,0,0,0
44938,45626,689,366,323,0.833333333,0,6,310,335,1,5,0.00001,108,134,124,41540,41540,0,0,0,0
44938,45626,689,366,323,0.833333333,0,6,360,360,1,5,0.00001,108,129,129,46440,46440,0,0,0,0
44938,45626,689,366,323,0.833333333,0,12,35,35,1,5,0.00001,108,129,129,4515,4515,0,0,0,0
44938,45626,689,366,323,0.833333333,0,12,135,135,1,5,0.00001,108,129,129,17415,17415,0,0,0,0
44938,45626,689,366,323,0.833333333,0,12,310,335,1,5,0.00001,108,134,124,41540,41540,0,0,0,0
44938,45626,689,366,323,0.833333333,0,12,360,360,1,5,0.00001,108,129,129,46440,46440,0,0,0,0
44938,45626,689,366,323,0.833333333,0,18,35,35,1,5,0.00001,108,129,129,4515,4515,0,0,0,0
44938,45626,689,366,323,0.833333333,0,18,135,135,1,5,0.00001,108,129,129,17415,17415,0,0,0,0
44938,45626,689,366,323,0.833333333,0,18,310,335,1,5,0.00001,108,134,124,41540,41540,0,0,0,0
44938,45626,689,366,323,0.833333333,0,18,360,360,1,5,0.00001,108,129,129,46440,46440,0,0,0,0
44938,45626,689,366,323,0.833333333,0,24,35,35,1,5,0.00001,108,129,129,4515,4515,0,0,0,0
44938,45626,689,366,323,0.833333333,0,24,85,85,0,5,0.00001,108,129,129,10965,10965,0,0,0,0
44938,45626,689,366,323,0.833333333,0,24,135,135,1,5,0.00001,108,129,129,17415,17415,0,0,0,0
44938,45626,689,366,323,0.833333333,0,24,310,335,1,5,0.00001,108,134,124,41540,41540,0,0,0,0
44938,45626,689,366,323,0.833333333,0,24,360,360,1,5,0.00001,108,129,129,46440,46440,0,0,0,0
44938,45626,689,366,323,0.833333333,3,1,110,110,0,5,0.00001,294,36,36,3960,3960,0,0,0,0
44938,45626,689,366,323,0.833333333,3,1,310,310,0,5,0.00001,294,36,36,11160,11160,0,0,0,0
44938,45626,689,366,323,0.833333333,3,3,35,35,0,5,0.00001,206,80,80,2800,2800,0,0,0,0
44938,45626,689,366,323,0.833333333,3,6,35,85,0,5,0.00001,150,153,63,5355,5355,0,0,0,0
44938,45626,689,366,323,0.833333333,3,12,335,85,1,5,0.00001,114,51,201,17085,17085,0,0,0,0
44938,45626,689,366,323,0.833333333,6,1,110,135,0,5,0.00001,317,27,22,2970,2970,0,0,0,0
44938,45626,689,366,323,0.833333333,6,1,160,85,0,5,0.00001,317,17,32,2720,2720,0,0,0,0
44938,45626,689,366,323,0.833333333,6,1,360,60,0,5,0.00001,317,7,42,2520,2520,0,0,0,0
44938,45626,689,366,323,0.833333333,6,6,60,60,1,5,0.00001,152,107,107,6420,6420,0,0,0,0
44938,45626,689,366,323,0.833333333,6,6,260,260,1,5,0.00001,152,107,107,27820,27820,0,0,0,0
44938,45626,689,366,323,0.833333333,6,6,285,285,1,5,0.00001,152,107,107,30495,30495,0,0,0,0
44938,45626,689,366,323,0.833333333,6,6,310,310,1,5,0.00001,152,107,107,33170,33170,0,0,0,0
44938,45626,689,366,323,0.833333333,6,12,60,260,1,5,0.00001,126,195,45,11700,11700,0,0,0,0
44938,45626,689,366,323,0.833333333,6,18,60,60,1,5,0.00001,116,125,125,7500,7500,0,0,0,0
44938,45626,689,366,323,0.833333333,6,18,335,335,1,5,0.00001,116,125,125,41875,41875,0,0,0,0
44938,45626,689,366,323,0.833333333,12,1,60,310,0,5,0.00001,329,31,6,1860,1860,0,0,0,0
44938,45626,689,366,323,0.833333333,18,1,60,60,0,5,0.00001,346,10,10,600,600,0,0,0,0
44938,45626,689,366,323,0.833333333,18,1,85,85,0,5,0.00001,346,10,10,850,850,0,0,0,0
44938,45626,689,366,323,0.833333333,18,1,110,110,1,5,0.00001,318,24,24,2640,2640,0,0,0,0
44938,45626,689,366,323,0.833333333,18,1,285,285,1,5,0.00001,318,24,24,6840,6840,0,0,0,0
44938,45626,689,366,323,0.833333333,18,1,335,335,1,5,0.00001,318,24,24,8040,8040,0,0,0,0
44938,45626,689,366,323,0.833333333,18,1,360,360,1,5,0.00001,318,24,24,8640,8640,0,0,0,0
44938,45626,689,366,323,0.833333333,18,3,110,185,0,5,0.00001,307,37,22,4070,4070,0,0,0,0
44938,45626,689,366,323,0.833333333,18,3,160,60,1,5,0.00001,278,24,64,3840,3840,0,0,0,0
44938,45626,689,366,323,0.833333333,18,3,185,110,0,5,0.00001,307,22,37,4070,4070,0,0,0,0
44938,45626,689,366,323,0.833333333,18,3,210,85,0,5,0.00001,307,17,42,3570,3570,0,0,0,0
44938,45626,689,366,323,0.833333333,18,3,360,135,1,5,0.00001,278,24,64,8640,8640,0,0,0,0
44938,45626,689,366,323,0.833333333,18,6,360,85,0,5,0.00001,277,17,72,6120,6120,0,0,0,0
44938,45626,689,366,323,0.833333333,18,12,110,110,0,5,0.00001,222,72,72,7920,7920,0,0,0,0
44938,45626,689,366,323,0.833333333,18,12,210,210,0,5,0.00001,222,72,72,15120,15120,0,0,0,0
44938,45626,689,366,323,0.833333333,18,12,235,235,0,5,0.00001,222,72,72,16920,16920,0,0,0,0
44938,45626,689,366,323,0.833333333,18,18,285,285,0,5,0.00001,206,80,80,22800,22800,0,0,0,0
44938,45626,689,366,323,0.833333333,24,1,85,85,1,5,0.00001,326,20,20,1700,1700,0,0,0,0
44938,45626,689,366,323,0.833333333,24,1,110,110,0,5,0.00001,344,11,11,1210,1210,0,0,0,0
44938,45626,689,366,323,0.833333333,24,1,135,360,0,5,0.00001,344,16,6,2160,2160,0,0,0,0
44938,45626,689,366,323,0.833333333,24,1,160,60,0,5,0.00001,344,6,16,960,960,0,0,0,0
44938,45626,689,366,323,0.833333333,24,1,235,235,0,5,0.00001,344,11,11,2585,2585,0,0,0,0
44938,45626,689,366,323,0.833333333,24,1,260,260,0,5,0.00001,344,11,11,2860,2860,0,0,0,0
44938,45626,689,366,323,0.833333333,24,1,360,135,0,5,0.00001,344,6,16,2160,2160,0,0,0,0
44938,45626,689,366,323,0.833333333,24,3,35,35,0,5,0.00001,312,27,27,945,945,0,0,0,0
44938,45626,689,366,323,0.833333333,24,3,60,60,0,5,0.00001,312,27,27,1620,1620,0,0,0,0
44938,45626,689,366,323,0.833333333,24,12,360,160,0,5,0.00001,249,36,81,12960,12960,0,0,0,0
44938,45626,689,366,323,0.833333333,24,18,310,310,1,5,0.00001,206,80,80,24800,24800,0,0,0,0
44938,45626,689,366,323,0.833333333,24,24,210,210,1,5,0.00001,180,93,93,19530,19530,0,0,0,0
44938,45626,689,366,323,0.875,0,1,35,85,0,5,0.00001,246,85,35,2975,2975,0,0,0,0
44938,45626,689,366,323,0.875,3,1,185,185,0,5,0.00001,306,30,30,5550,5550,0,0,0,0
44938,45626,689,366,323,0.875,3,1,235,235,0,5,0.00001,306,30,30,7050,7050,0,0,0,0
44938,45626,689,366,323,0.875,3,18,35,60,0,5,0.00001,119,156,91,5460,5460,0,0,0,0
44938,45626,689,366,323,0.875,6,1,110,110,0,5,0.00001,310,28,28,3080,3080,0,0,0,0
44938,45626,689,366,323,0.875,6,1,135,135,0,5,0.00001,310,28,28,3780,3780,0,0,0,0
44938,45626,689,366,323,0.875,6,1,160,160,1,5,0.00001,262,52,52,8320,8320,0,0,0,0
44938,45626,689,366,323,0.875,6,1,210,210,1,5,0.00001,262,52,52,10920,10920,0,0,0,0
44938,45626,689,366,323,0.875,6,1,235,235,0,5,0.00001,310,28,28,6580,6580,0,0,0,0
44938,45626,689,366,323,0.875,6,1,285,285,0,5,0.00001,310,28,28,7980,7980,0,0,0,0
44938,45626,689,366,323,0.875,6,1,285,285,1,5,0.00001,262,52,52,14820,14820,0,0,0,0
44938,45626,689,366,323,0.875,6,1,310,210,1,5,0.00001,262,42,62,13020,13020,0,0,0,0
44938,45626,689,366,323,0.875,6,1,310,310,1,5,0.00001,262,52,52,16120,16120,0,0,0,0
44938,45626,689,366,323,0.875,6,3,135,60,1,5,0.00001,197,52,117,7020,7020,0,0,0,0
44938,45626,689,366,323,0.875,6,3,160,360,1,5,0.00001,197,117,52,18720,18720,0,0,0,0
44938,45626,689,366,323,0.875,6,6,60,60,1,5,0.00001,152,107,107,6420,6420,0,0,0,0
44938,45626,689,366,323,0.875,6,6,260,260,1,5,0.00001,152,107,107,27820,27820,0,0,0,0
44938,45626,689,366,323,0.875,6,12,60,60,0,5,0.00001,148,109,109,6540,6540,0,0,0,0
44938,45626,689,366,323,0.875,12,3,110,110,0,5,0.00001,284,41,41,4510,4510,0,0,0,0
44938,45626,689,366,323,0.875,12,3,135,60,1,5,0.00001,249,36,81,4860,4860,0,0,0,0
44938,45626,689,366,323,0.875,12,12,335,335,1,5,0.00001,164,101,101,33835,33835,0,0,0,0
44938,45626,689,366,323,0.875,18,1,210,210,1,5,0.00001,300,33,33,6930,6930,0,0,0,0
44938,45626,689,366,323,0.875,18,1,235,235,1,5,0.00001,300,33,33,7755,7755,0,0,0,0
44938,45626,689,366,323,0.875,18,1,360,135,1,5,0.00001,300,18,48,6480,6480,0,0,0,0
44938,45626,689,366,323,0.875,18,3,285,235,1,5,0.00001,262,47,57,13395,13395,0,0,0,0
44938,45626,689,366,323,0.875,18,3,285,285,1,5,0.00001,262,52,52,14820,14820,0,0,0,0
44938,45626,689,366,323,0.875,18,3,335,185,1,5,0.00001,262,37,67,12395,12395,0,0,0,0
44938,45626,689,366,323,0.875,18,3,335,335,0,5,0.00001,300,33,33,11055,11055,0,0,0,0
44938,45626,689,366,323,0.875,18,3,360,360,0,5,0.00001,300,33,33,11880,11880,0,0,0,0
44938,45626,689,366,323,0.875,18,6,210,35,1,5,0.00001,233,19,114,3990,3990,0,0,0,0
44938,45626,689,366,323,0.875,18,6,360,110,0,5,0.00001,272,22,72,7920,7920,0,0,0,0
44938,45626,689,366,323,0.875,18,6,360,210,1,5,0.00001,233,49,84,17640,17640,0,0,0,0
44938,45626,689,366,323,0.875,18,18,310,310,0,5,0.00001,192,87,87,26970,26970,0,0,0,0
44938,45626,689,366,323,0.875,18,18,335,335,0,5,0.00001,192,87,87,29145,29145,0,0,0,0
44938,45626,689,366,323,0.875,18,18,360,360,0,5,0.00001,192,87,87,31320,31320,0,0,0,0
44938,45626,689,366,323,0.875,18,24,160,360,0,5,0.00001,171,135,60,21600,21600,0,0,0,0
44938,45626,689,366,323,0.875,18,24,260,260,1,5,0.00001,144,111,111,28860,28860,0,0,0,0
44938,45626,689,366,323,0.875,18,24,335,35,1,5,0.00001,144,21,201,7035,7035,0,0,0,0
44938,45626,689,366,323,0.875,24,6,285,285,1,5,0.00001,266,50,50,14250,14250,0,0,0,0
44938,45626,689,366,323,0.875,24,6,360,360,1,5,0.00001,266,50,50,18000,18000,0,0,0,0
44938,45626,689,366,323,0.875,24,18,110,110,0,5,0.00001,204,81,81,8910,8910,0,0,0,0
44938,45626,689,366,323,0.875,24,18,110,110,1,5,0.00001,176,95,95,10450,10450,0,0,0,0
44938,45626,689,366,323,0.875,24,18,210,210,0,5,0.00001,204,81,81,17010,17010,0,0,0,0
44938,45626,689,366,323,0.875,24,18,210,360,1,5,0.00001,176,120,70,25200,25200,0,0,0,0
44938,45626,689,366,323,0.875,24,24,135,135,0,5,0.00001,168,99,99,13365,13365,0,0,0,0
44938,45626,689,366,323,0.875,24,24,160,110,1,5,0.00001,150,88,128,14080,14080,0,0,0,0
44938,45626,689,366,323,0.875,24,24,210,285,0,5,0.00001,168,114,84,23940,23940,0,0,0,0
44938,45626,689,366,323,0.916666667,0,1,85,85,0,5,0.00001,236,65,65,5525,5525,0,0,0,0
44938,45626,689,366,323,0.916666667,0,1,285,285,0,5,0.00001,236,65,65,18525,18525,0,0,0,0
44938,45626,689,366,323,0.916666667,0,1,335,335,0,5,0.00001,236,65,65,21775,21775,0,0,0,0
44938,45626,689,366,323,0.916666667,0,3,60,135,1,5,0.00001,119,171,76,10260,10260,0,0,0,0
44938,45626,689,366,323,0.916666667,0,3,160,160,0,5,0.00001,164,101,101,16160,16160,0,0,0,0
44938,45626,689,366,323,0.916666667,0,3,210,360,1,5,0.00001,119,156,91,32760,32760,0,0,0,0
44938,45626,689,366,323,0.916666667,0,3,235,235,0,5,0.00001,164,101,101,23735,23735,0,0,0,0
44938,45626,689,366,323,0.916666667,0,6,60,60,1,5,0.00001,110,128,128,7680,7680,0,0,0,0
44938,45626,689,366,323,0.916666667,0,6,135,135,0,5,0.00001,124,121,121,16335,16335,0,0,0,0
44938,45626,689,366,323,0.916666667,0,6,360,135,0,5,0.00001,124,66,176,23760,23760,0,0,0,0
44938,45626,689,366,323,0.916666667,0,12,60,60,1,5,0.00001,108,129,129,7740,7740,0,0,0,0
44938,45626,689,366,323,0.916666667,0,12,285,360,1,5,0.00001,108,144,114,41040,41040,0,0,0,0
44938,45626,689,366,323,0.916666667,0,12,310,310,1,5,0.00001,108,129,129,39990,39990,0,0,0,0
44938,45626,689,366,323,0.916666667,0,18,60,60,1,5,0.00001,108,129,129,7740,7740,0,0,0,0
44938,45626,689,366,323,0.916666667,0,18,285,360,1,5,0.00001,108,144,114,41040,41040,0,0,0,0
44938,45626,689,366,323,0.916666667,0,18,310,310,1,5,0.00001,108,129,129,39990,39990,0,0,0,0
44938,45626,689,366,323,0.916666667,0,24,60,60,1,5,0.00001,108,129,129,7740,7740,0,0,0,0
44938,45626,689,366,323,0.916666667,0,24,285,360,1,5,0.00001,108,144,114,41040,41040,0,0,0,0
44938,45626,689,366,323,0.916666667,0,24,310,310,1,5,0.00001,108,129,129,39990,39990,0,0,0,0
44938,45626,689,366,323,0.916666667,3,1,135,360,1,5,0.00001,245,88,33,11880,11880,0,0,0,0
44938,45626,689,366,323,0.916666667,3,1,160,60,0,5,0.00001,300,18,48,2880,2880,0,0,0,0
44938,45626,689,366,323,0.916666667,3,3,235,235,0,5,0.00001,226,70,70,16450,16450,0,0,0,0
44938,45626,689,366,323,0.916666667,3,6,35,210,0,5,0.00001,170,168,28,5880,5880,0,0,0,0
44938,45626,689,366,323,0.916666667,3,6,310,310,0,5,0.00001,170,98,98,30380,30380,0,0,0,0
44938,45626,689,366,323,0.916666667,3,18,60,60,1,5,0.00001,112,127,127,7620,7620,0,0,0,0
44938,45626,689,366,323,0.916666667,6,1,160,160,1,5,0.00001,264,51,51,8160,8160,0,0,0,0
44938,45626,689,366,323,0.916666667,6,1,360,360,1,5,0.00001,264,51,51,18360,18360,0,0,0,0
44938,45626,689,366,323,0.916666667,6,3,110,110,0,5,0.00001,254,56,56,6160,6160,0,0,0,0
44938,45626,689,366,323,0.916666667,6,3,260,60,0,5,0.00001,254,21,91,5460,5460,0,0,0,0
44938,45626,689,366,323,0.916666667,6,3,310,310,0,5,0.00001,254,56,56,17360,17360,0,0,0,0
44938,45626,689,366,323,0.916666667,6,6,260,260,1,5,0.00001,164,101,101,26260,26260,0,0,0,0
44938,45626,689,366,323,0.916666667,6,6,335,335,1,5,0.00001,164,101,101,33835,33835,0,0,0,0
44938,45626,689,366,323,0.916666667,6,12,210,285,0,5,0.00001,168,114,84,23940,23940,0,0,0,0
44938,45626,689,366,323,0.916666667,6,12,335,335,0,5,0.00001,168,99,99,33165,33165,0,0,0,0
44938,45626,689,366,323,0.916666667,6,18,210,210,1,5,0.00001,118,124,124,26040,26040,0,0,0,0
44938,45626,689,366,323,0.916666667,6,24,210,60,0,5,0.00001,123,54,189,11340,11340,0,0,0,0
44938,45626,689,366,323,0.916666667,6,24,235,235,1,5,0.00001,112,127,127,29845,29845,0,0,0,0
44938,45626,689,366,323,0.916666667,12,1,160,160,0,5,0.00001,336,15,15,2400,2400,0,0,0,0
44938,45626,689,366,323,0.916666667,12,1,185,185,0,5,0.00001,336,15,15,2775,2775,0,0,0,0
44938,45626,689,366,323,0.916666667,12,1,210,210,1,5,0.00001,306,30,30,6300,6300,0,0,0,0
44938,45626,689,366,323,0.916666667,12,1,260,260,0,5,0.00001,336,15,15,3900,3900,0,0,0,0
44938,45626,689,366,323,0.916666667,12,1,285,285,0,5,0.00001,336,15,15,4275,4275,0,0,0,0
44938,45626,689,366,323,0.916666667,12,3,35,235,1,5,0.00001,258,94,14,3290,3290,0,0,0,0
44938,45626,689,366,323,0.916666667,12,3,85,185,1,5,0.00001,258,74,34,6290,6290,0,0,0,0
44938,45626,689,366,323,0.916666667,12,3,110,110,1,5,0.00001,258,54,54,5940,5940,0,0,0,0
44938,45626,689,366,323,0.916666667,12,3,160,110,1,5,0.00001,258,44,64,7040,7040,0,0,0,0
44938,45626,689,366,323,0.916666667,12,3,160,160,1,5,0.00001,258,54,54,8640,8640,0,0,0,0
44938,45626,689,366,323,0.916666667,12,3,210,210,1,5,0.00001,258,54,54,11340,11340,0,0,0,0
44938,45626,689,366,323,0.916666667,12,6,110,110,1,5,0.00001,222,72,72,7920,7920,0,0,0,0
44938,45626,689,366,323,0.916666667,12,6,210,210,0,5,0.00001,254,56,56,11760,11760,0,0,0,0
44938,45626,689,366,323,0.916666667,12,6,335,335,0,5,0.00001,254,56,56,18760,18760,0,0,0,0
44938,45626,689,366,323,0.916666667,12,18,285,60,1,5,0.00001,136,40,190,11400,11400,0,0,0,0
44938,45626,689,366,323,0.916666667,18,1,60,210,0,5,0.00001,339,21,6,1260,1260,0,0,0,0
44938,45626,689,366,323,0.916666667,18,3,85,85,1,5,0.00001,264,51,51,4335,4335,0,0,0,0
44938,45626,689,366,323,0.916666667,18,12,310,85,0,5,0.00001,208,34,124,10540,10540,0,0,0,0
44938,45626,689,366,323,0.916666667,18,18,35,35,0,5,0.00001,162,102,102,3570,3570,0,0,0,0
44938,45626,689,367,322,0.916666667,24,3,135,135,1,5,0.00001,265,51,51,6885,6885,0,0,0,0
44938,45626,689,367,322,0.916666667,24,3,260,85,0,5,0.00001,298,17,52,4420,4420,0,0,0,0
44938,45626,689,367,322,0.916666667,24,3,285,60,0,5,0.00001,298,12,57,3420,3420,0,0,0,0
44938,45626,689,367,322,0.916666667,24,6,60,60,0,5,0.00001,259,54,54,3240,3240,0,0,0,0
44938,45626,689,367,322,0.916666667,24,6,210,260,1,5,0.00001,226,78,63,16380,16380,0,0,0,0
44938,45626,689,367,322,0.916666667,24,24,60,60,1,5,0.00001,119,124,124,7440,7440,0,0,0,0
44938,45626,689,367,322,0.916666667,24,24,235,60,0,5,0.00001,131,48,188,11280,11280,0,0,0,0
44938,45626,689,366,323,0.958333333,0,1,135,135,0,5,0.00001,270,48,48,6480,6480,0,0,0,0
44938,45626,689,366,323,0.958333333,0,12,160,160,1,5,0.00001,108,129,129,20640,20640,0,0,0,0
44938,45626,689,366,323,0.958333333,0,18,85,85,0,5,0.00001,108,129,129,10965,10965,0,0,0,0
44938,45626,689,366,323,0.958333333,0,18,160,160,1,5,0.00001,108,129,129,20640,20640,0,0,0,0
44938,45626,689,366,323,0.958333333,0,18,335,335,0,5,0.00001,108,129,129,43215,43215,0,0,0,0
44938,45626,689,366,323,0.958333333,0,24,85,85,0,5,0.00001,108,129,129,10965,10965,0,0,0,0
44938,45626,689,366,323,0.958333333,0,24,160,160,1,5,0.00001,108,129,129,20640,20640,0,0,0,0
44938,45626,689,366,323,0.958333333,0,24,335,335,0,5,0.00001,108,129,129,43215,43215,0,0,0,0
44938,45626,689,366,323,0.958333333,3,3,285,285,0,5,0.00001,222,72,72,20520,20520,0,0,0,0
44938,45626,689,366,323,0.958333333,3,3,310,310,1,5,0.00001,164,101,101,31310,31310,0,0,0,0
44938,45626,689,366,323,0.958333333,3,6,35,35,0,5,0.00001,156,105,105,3675,3675,0,0,0,0
44938,45626,689,366,323,0.958333333,3,6,60,60,0,5,0.00001,156,105,105,6300,6300,0,0,0,0
44938,45626,689,366,323,0.958333333,3,12,85,335,1,5,0.00001,114,201,51,17085,17085,0,0,0,0
44938,45626,689,366,323,0.958333333,6,1,110,335,1,5,0.00001,277,67,22,7370,7370,0,0,0,0
44938,45626,689,366,323,0.958333333,6,6,60,360,0,5,0.00001,191,150,25,9000,9000,0,0,0,0
44938,45626,689,366,323,0.958333333,6,24,260,60,0,5,0.00001,110,48,208,12480,12480,0,0,0,0
44938,45626,689,367,322,0.958333333,12,1,285,60,0,5,0.00001,321,8,38,2280,2280,0,0,0,0
44938,45626,689,367,322,0.958333333,12,1,285,285,0,5,0.00001,321,23,23,6555,6555,0,0,0,0
44938,45626,689,367,322,0.958333333,12,3,285,135,1,5,0.00001,227,45,95,12825,12825,0,0,0,0
44938,45626,689,367,322,0.958333333,12,3,310,310,1,5,0.00001,227,70,70,21700,21700,0,0,0,0
44938,45626,689,367,322,0.958333333,12,6,160,60,0,5,0.00001,213,42,112,6720,6720,0,0,0,0
44938,45626,689,367,322,0.958333333,12,12,60,60,1,5,0.00001,117,125,125,7500,7500,0,0,0,0
44938,45626,689,367,322,0.958333333,12,12,85,85,1,5,0.00001,117,125,125,10625,10625,0,0,0,0
44938,45626,689,367,322,0.958333333,12,12,110,110,0,5,0.00001,143,112,112,12320,12320,0,0,0,0
44938,45626,689,367,322,0.958333333,12,12,360,60,0,5,0.00001,143,32,192,11520,11520,0,0,0,0
44938,45626,689,367,322,0.958333333,12,18,35,35,0,5,0.00001,123,122,122,4270,4270,0,0,0,0
44938,45626,689,367,322,0.958333333,12,24,285,60,0,5,0.00001,114,44,209,12540,12540,0,0,0,0
44938,45626,689,367,322,0.958333333,18,1,160,160,0,5,0.00001,329,19,19,3040,3040,0,0,0,0
44938,45626,689,367,322,0.958333333,18,1,185,185,0,5,0.00001,329,19,19,3515,3515,0,0,0,0
44938,45626,689,367,322,0.958333333,18,1,210,210,0,5,0.00001,329,19,19,3990,3990,0,0,0,0
44938,45626,689,367,322,0.958333333,18,1,210,360,0,5,0.00001,329,24,14,5040,5040,0,0,0,0
44938,45626,689,367,322,0.958333333,18,1,285,285,0,5,0.00001,329,19,19,5415,5415,0,0,0,0
44938,45626,689,367,322,0.958333333,18,1,310,310,0,5,0.00001,329,19,19,5890,5890,0,0,0,0
44938,45626,689,367,322,0.958333333,18,1,310,310,1,5,0.00001,285,41,41,12710,12710,0,0,0,0
44938,45626,689,367,322,0.958333333,18,3,60,60,0,5,0.00001,273,47,47,2820,2820,0,0,0,0
44938,45626,689,367,322,0.958333333,18,3,185,285,0,5,0.00001,273,57,37,10545,10545,0,0,0,0
44938,45626,689,367,322,0.958333333,18,3,210,35,1,5,0.00001,220,21,126,4410,4410,0,0,0,0
44938,45626,689,367,322,0.958333333,18,3,260,210,0,5,0.00001,273,42,52,10920,10920,0,0,0,0
44938,45626,689,367,322,0.958333333,18,6,185,185,1,5,0.00001,153,107,107,19795,19795,0,0,0,0
44938,45626,689,367,322,0.958333333,18,6,210,210,1,5,0.00001,153,107,107,22470,22470,0,0,0,0
44938,45626,689,367,322,0.958333333,18,12,110,110,0,5,0.00001,145,111,111,12210,12210,0,0,0,0
44938,45626,689,367,322,0.958333333,18,12,185,185,1,5,0.00001,127,120,120,22200,22200,0,0,0,0
44938,45626,689,367,322,0.958333333,18,12,210,210,1,5,0.00001,127,120,120,25200,25200,0,0,0,0
44938,45626,689,367,322,0.958333333,18,12,235,235,0,5,0.00001,145,111,111,26085,26085,0,0,0,0
44938,45626,689,367,322,0.958333333,18,12,235,235,1,5,0.00001,127,120,120,28200,28200,0,0,0,0
44938,45626,689,367,322,0.958333333,18,12,335,335,0,5,0.00001,145,111,111,37185,37185,0,0,0,0
44938,45626,689,367,322,0.958333333,18,12,360,360,0,5,0.00001,145,111,111,39960,39960,0,0,0,0
44938,45626,689,367,322,0.958333333,18,18,260,260,0,5,0.00001,125,121,121,31460,31460,0,0,0,0
44938,45626,689,367,322,0.958333333,24,1,135,85,1,5,0.00001,279,34,54,4590,4590,0,0,0,0
44938,45626,689,367,322,0.958333333,24,1,185,185,0,5,0.00001,319,24,24,4440,4440,0,0,0,0
44938,45626,689,367,322,0.958333333,24,1,210,210,0,5,0.00001,319,24,24,5040,5040,0,0,0,0
44938,45626,689,367,322,0.958333333,24,1,235,235,0,5,0.00001,319,24,24,5640,5640,0,0,0,0
44938,45626,689,367,322,0.958333333,24,1,310,310,0,5,0.00001,319,24,24,7440,7440,0,0,0,0
44938,45626,689,367,322,0.958333333,24,1,310,310,1,5,0.00001,279,44,44,13640,13640,0,0,0,0
44938,45626,689,367,322,0.958333333,24,3,60,60,1,5,0.00001,219,74,74,4440,4440,0,0,0,0
44938,45626,689,367,322,0.958333333,24,3,235,235,1,5,0.00001,219,74,74,17390,17390,0,0,0,0
44938,45626,689,367,322,0.958333333,24,6,85,85,0,5,0.00001,213,77,77,6545,6545,0,0,0,0
44938,45626,689,367,322,0.958333333,24,12,135,260,1,5,0.00001,130,156,81,21060,21060,0,0,0,0
44938,45626,689,367,322,0.958333333,24,12,185,210,1,5,0.00001,130,126,111,23310,23310,0,0,0,0
44938,45626,689,367,322,0.958333333,24,18,85,210,0,5,0.00001,131,168,68,14280,14280,0,0,0,0
