fecha_inicio,fecha_fin,dias_evaluados,hora_apertura,v_rango,v_espera,TP_Ticks,SL_ticks,Tipo_vela_rompimiento,duracion_vela,tick_size,dias_sin_entrada,TPs_alcanzados,SLs_alcanzados,Ticks_totales_TPs,Ticks_totales_SLs,Ticks_totales_estrategia,Margen_Utilidad
44938,45626,366,23:00,18,1,35,285,0,5,0.00001,328,38,0,1330,0,1330,Infinito - estrategia solo en TP o solo SL
44938,45626,366,23:00,18,1,35,310,0,5,0.00001,328,38,0,1330,0,1330,Infinito - estrategia solo en TP o solo SL
44938,45626,366,23:00,18,1,35,335,0,5,0.00001,328,38,0,1330,0,1330,Infinito - estrategia solo en TP o solo SL
44938,45626,366,23:00,18,1,35,360,0,5,0.00001,328,38,0,1330,0,1330,Infinito - estrategia solo en TP o solo SL
44938,45626,366,15:00,12,3,235,60,0,5,0.00001,332,1,33,235,1980,-1745,742.55
44938,45626,366,18:00,3,1,210,35,0,5,0.00001,319,1,46,210,1610,-1400,666.67
44938,45626,366,15:00,12,3,260,60,0,5,0.00001,332,1,33,260,1980,-1720,661.54
44938,45626,366,19:00,12,1,35,135,0,5,0.00001,336,29,1,1015,135,880,651.85
44938,45626,366,19:00,12,1,135,35,0,5,0.00001,336,1,29,135,1015,-880,651.85
44938,45626,366,13:00,24,3,160,35,0,5,0.00001,331,1,34,160,1190,-1030,643.75
44938,45626,366,21:00,24,1,85,35,0,5,0.00001,347,1,18,85,630,-545,641.18
44938,45626,366,18:00,24,1,35,110,0,5,0.00001,342,23,1,805,110,695,631.82
44938,45626,366,21:00,24,1,335,135,0,5,0.00001,347,1,18,335,2430,-2095,625.37
44938,45626,366,01:00,18,3,35,210,0,5,0.00001,277,87,2,3045,420,2625,625
44938,45626,366,15:00,12,3,285,60,0,5,0.00001,332,1,33,285,1980,-1695,594.74
44938,45626,366,18:00,3,1,235,35,0,5,0.00001,319,1,46,235,1610,-1375,585.11
44938,45626,366,21:00,24,1,360,135,0,5,0.00001,347,1,18,360,2430,-2070,575
44938,45626,366,01:00,18,3,35,235,0,5,0.00001,277,87,2,3045,470,2575,547.87
44938,45626,366,15:00,12,3,310,60,0,5,0.00001,332,1,33,310,1980,-1670,538.71
44938,45626,366,19:00,12,1,35,160,0,5,0.00001,336,29,1,1015,160,855,534.38
44938,45626,366,19:00,12,1,160,35,0,5,0.00001,336,1,29,160,1015,-855,534.38
44938,45626,366,15:00,12,3,185,35,0,5,0.00001,332,1,33,185,1155,-970,524.32
44938,45626,366,18:00,3,1,260,35,0,5,0.00001,319,1,46,260,1610,-1350,519.23
44938,45626,366,21:00,24,1,85,60,0,5,0.00001,347,2,17,170,1020,-850,500
44938,45626,366,21:00,24,1,335,110,0,5,0.00001,347,1,18,335,1980,-1645,491.04
44938,45626,366,15:00,12,3,335,60,0,5,0.00001,332,1,33,335,1980,-1645,491.04
44938,45626,366,21:00,24,1,260,85,0,5,0.00001,347,1,18,260,1530,-1270,488.46
44938,45626,366,01:00,18,3,35,260,0,5,0.00001,277,87,2,3045,520,2525,485.58
44938,45626,366,14:00,18,3,360,35,0,5,0.00001,306,1,59,360,2065,-1705,473.61
44938,45626,366,18:00,3,1,285,35,0,5,0.00001,319,1,46,285,1610,-1325,464.91
44938,45626,366,21:00,24,1,360,110,0,5,0.00001,347,1,18,360,1980,-1620,450
44938,45626,366,15:00,12,3,210,35,0,5,0.00001,332,1,33,210,1155,-945,450
44938,45626,366,15:00,12,3,360,60,0,5,0.00001,332,1,33,360,1980,-1620,450
44938,45626,366,19:00,12,1,35,185,0,5,0.00001,336,29,1,1015,185,830,448.65
44938,45626,366,19:00,12,1,185,35,0,5,0.00001,336,1,29,185,1015,-830,448.65
44938,45626,366,03:00,24,6,235,35,0,5,0.00001,291,2,73,470,2555,-2085,443.62
44938,45626,366,21:00,24,1,285,85,0,5,0.00001,347,1,18,285,1530,-1245,436.84
44938,45626,366,01:00,18,3,35,285,0,5,0.00001,277,87,2,3045,570,2475,434.21
44938,45626,366,18:00,3,1,310,35,0,5,0.00001,319,1,46,310,1610,-1300,419.35
44938,45626,366,04:00,12,6,235,35,0,5,0.00001,259,3,104,705,3640,-2935,416.31
44938,45626,366,04:00,12,6,360,35,0,5,0.00001,259,2,105,720,3675,-2955,410.42
44938,45626,366,16:00,24,3,160,35,0,5,0.00001,293,3,70,480,2450,-1970,410.42
44938,45626,366,23:00,18,1,35,260,0,5,0.00001,328,37,1,1295,260,1035,398.08
44938,45626,366,21:00,24,1,310,85,0,5,0.00001,347,1,18,310,1530,-1220,393.55
44938,45626,366,03:00,24,6,260,35,0,5,0.00001,291,2,73,520,2555,-2035,391.35
44938,45626,366,01:00,18,3,35,310,0,5,0.00001,277,87,2,3045,620,2425,391.13
44938,45626,366,19:00,12,1,35,210,0,5,0.00001,336,29,1,1015,210,805,383.33
44938,45626,366,19:00,12,1,210,35,0,5,0.00001,336,1,29,210,1015,-805,383.33
44938,45626,366,18:00,3,1,335,35,0,5,0.00001,319,1,46,335,1610,-1275,380.6
44938,45626,366,04:00,12,6,260,35,0,5,0.00001,259,3,104,780,3640,-2860,366.67
44938,45626,366,11:00,24,6,35,285,1,5,0.00001,249,114,3,3990,855,3135,366.67
44938,45626,366,14:00,24,3,235,60,0,5,0.00001,347,1,18,235,1080,-845,359.57
44938,45626,366,01:00,18,3,35,335,0,5,0.00001,277,87,2,3045,670,2375,354.48
44938,45626,366,18:00,24,1,35,85,0,5,0.00001,342,22,2,770,170,600,352.94
44938,45626,366,01:00,18,6,35,360,0,5,0.00001,224,139,3,4865,1080,3785,350.46
44938,45626,366,03:00,24,6,285,35,0,5,0.00001,291,2,73,570,2555,-1985,348.25
44938,45626,366,18:00,3,1,360,35,0,5,0.00001,319,1,46,360,1610,-1250,347.22
44938,45626,366,04:00,12,3,235,35,0,5,0.00001,304,2,60,470,2100,-1630,346.81
44938,45626,366,13:00,24,6,235,35,0,5,0.00001,304,2,60,470,2100,-1630,346.81
44938,45626,366,14:00,24,6,235,35,0,5,0.00001,335,1,30,235,1050,-815,346.81
44938,45626,366,19:00,12,1,35,110,0,5,0.00001,336,28,2,980,220,760,345.45
44938,45626,366,16:00,24,3,185,35,0,5,0.00001,293,3,70,555,2450,-1895,341.44
44938,45626,366,19:00,12,1,35,235,0,5,0.00001,336,29,1,1015,235,780,331.91
44938,45626,366,11:00,24,6,35,310,1,5,0.00001,249,114,3,3990,930,3060,329.03
44938,45626,366,08:00,12,3,35,260,0,5,0.00001,268,95,3,3325,780,2545,326.28
44938,45626,366,04:00,12,6,285,35,0,5,0.00001,259,3,104,855,3640,-2785,325.73
44938,45626,366,18:00,3,1,185,35,0,5,0.00001,319,2,45,370,1575,-1205,325.68
44938,45626,366,15:00,12,6,235,60,0,5,0.00001,313,3,50,705,3000,-2295,325.53
44938,45626,366,01:00,18,3,35,360,0,5,0.00001,277,87,2,3045,720,2325,322.92
44938,45626,366,15:00,18,3,360,60,1,5,0.00001,314,2,50,720,3000,-2280,316.67
44938,45626,366,14:00,24,3,260,60,0,5,0.00001,347,1,18,260,1080,-820,315.38
44938,45626,366,03:00,24,6,310,35,0,5,0.00001,291,2,73,620,2555,-1935,312.1
44938,45626,366,18:00,24,1,35,60,0,5,0.00001,342,21,3,735,180,555,308.33
44938,45626,366,04:00,12,3,260,35,0,5,0.00001,304,2,60,520,2100,-1580,303.85
44938,45626,366,13:00,24,6,260,35,0,5,0.00001,304,2,60,520,2100,-1580,303.85
44938,45626,366,14:00,24,6,260,35,0,5,0.00001,335,1,30,260,1050,-790,303.85
44938,45626,366,01:00,18,3,35,185,0,5,0.00001,277,85,4,2975,740,2235,302.03
44938,45626,366,16:00,24,3,310,35,0,5,0.00001,293,2,71,620,2485,-1865,300.81
44938,45626,366,13:00,24,3,310,160,0,5,0.00001,331,4,31,1240,4960,-3720,300
44938,45626,366,11:00,24,6,35,335,1,5,0.00001,249,114,3,3990,1005,2985,297.01
44938,45626,366,16:00,3,6,35,335,0,5,0.00001,249,114,3,3990,1005,2985,297.01
44938,45626,366,04:00,12,6,310,35,0,5,0.00001,259,3,104,930,3640,-2710,291.4
44938,45626,366,17:00,6,1,110,135,0,5,0.00001,337,24,5,2640,675,1965,291.11
44938,45626,366,21:00,24,1,185,85,0,5,0.00001,347,2,17,370,1445,-1075,290.54
44938,45626,366,19:00,12,1,35,260,0,5,0.00001,336,29,1,1015,260,755,290.38
44938,45626,366,22:00,12,1,260,35,0,5,0.00001,336,1,29,260,1015,-755,290.38
44938,45626,366,14:00,18,3,260,35,0,5,0.00001,306,2,58,520,2030,-1510,290.38
44938,45626,366,21:00,24,1,35,360,1,5,0.00001,325,40,1,1400,360,1040,288.89
44938,45626,366,08:00,12,3,35,285,0,5,0.00001,268,95,3,3325,855,2470,288.89
44938,45626,366,16:00,24,3,210,35,0,5,0.00001,293,3,70,630,2450,-1820,288.89
44938,45626,366,01:00,18,12,35,360,0,5,0.00001,162,199,5,6965,1800,5165,286.94
44938,45626,366,17:00,6,1,60,135,0,5,0.00001,337,26,3,1560,405,1155,285.19
44938,45626,366,15:00,12,6,260,60,0,5,0.00001,313,3,50,780,3000,-2220,284.62
44938,45626,366,03:00,24,6,335,35,0,5,0.00001,291,2,73,670,2555,-1885,281.34
44938,45626,366,15:00,12,6,235,35,0,5,0.00001,313,2,51,470,1785,-1315,279.79
44938,45626,366,14:00,24,3,285,60,0,5,0.00001,347,1,18,285,1080,-795,278.95
44938,45626,366,19:00,24,3,185,35,0,5,0.00001,303,3,60,555,2100,-1545,278.38
44938,45626,366,14:00,12,3,260,35,0,5,0.00001,308,2,56,520,1960,-1440,276.92
44938,45626,366,15:00,18,3,260,60,1,5,0.00001,314,3,49,780,2940,-2160,276.92
44938,45626,366,21:00,24,1,60,60,0,5,0.00001,347,4,15,240,900,-660,275
44938,45626,366,21:00,24,1,335,235,0,5,0.00001,347,3,16,1005,3760,-2755,274.13
44938,45626,366,15:00,18,3,235,35,1,5,0.00001,314,2,50,470,1750,-1280,272.34
44938,45626,366,13:00,24,6,185,35,0,5,0.00001,304,3,59,555,2065,-1510,272.07
44938,45626,366,17:00,0,1,185,110,0,5,0.00001,308,8,50,1480,5500,-4020,271.62
44938,45626,366,09:00,24,3,35,335,1,5,0.00001,293,71,2,2485,670,1815,270.9
44938,45626,366,16:00,24,3,335,35,0,5,0.00001,293,2,71,670,2485,-1815,270.9
44938,45626,366,19:00,24,6,210,35,0,5,0.00001,273,4,89,840,3115,-2275,270.83
44938,45626,366,14:00,24,6,235,60,0,5,0.00001,335,2,29,470,1740,-1270,270.21
44938,45626,366,17:00,24,1,260,35,0,5,0.00001,309,2,55,520,1925,-1405,270.19
44938,45626,366,21:00,24,1,310,135,0,5,0.00001,347,2,17,620,2295,-1675,270.16
44938,45626,366,13:00,24,3,335,160,0,5,0.00001,331,4,31,1340,4960,-3620,270.15
44938,45626,366,11:00,24,6,35,360,1,5,0.00001,249,114,3,3990,1080,2910,269.44
44938,45626,366,16:00,3,6,35,360,0,5,0.00001,249,114,3,3990,1080,2910,269.44
44938,45626,366,20:00,12,3,185,35,0,5,0.00001,284,4,78,740,2730,-1990,268.92
44938,45626,366,04:00,12,3,285,35,0,5,0.00001,304,2,60,570,2100,-1530,268.42
44938,45626,366,13:00,24,6,285,35,0,5,0.00001,304,2,60,570,2100,-1530,268.42
44938,45626,366,14:00,24,6,285,35,0,5,0.00001,335,1,30,285,1050,-765,268.42
44938,45626,366,04:00,12,6,335,35,0,5,0.00001,259,3,104,1005,3640,-2635,262.19
44938,45626,366,11:00,24,3,35,285,1,5,0.00001,275,88,3,3080,855,2225,260.23
44938,45626,366,21:00,24,1,260,110,0,5,0.00001,347,2,17,520,1870,-1350,259.62
44938,45626,366,08:00,12,3,35,310,0,5,0.00001,268,95,3,3325,930,2395,257.53
44938,45626,366,15:00,24,3,360,135,0,5,0.00001,324,4,38,1440,5130,-3690,256.25
44938,45626,366,19:00,12,1,35,285,0,5,0.00001,336,29,1,1015,285,730,256.14
44938,45626,366,21:00,3,1,285,35,0,5,0.00001,306,2,58,570,2030,-1460,256.14
44938,45626,366,22:00,12,1,285,35,0,5,0.00001,336,1,29,285,1015,-730,256.14
44938,45626,366,14:00,18,3,285,35,0,5,0.00001,306,2,58,570,2030,-1460,256.14
44938,45626,366,03:00,24,6,360,35,0,5,0.00001,291,2,73,720,2555,-1835,254.86
44938,45626,366,22:00,18,1,35,135,1,5,0.00001,322,41,3,1435,405,1030,254.32
44938,45626,366,15:00,12,6,285,60,0,5,0.00001,313,3,50,855,3000,-2145,250.88
44938,45626,366,17:00,24,1,310,60,0,5,0.00001,309,3,54,930,3240,-2310,248.39
44938,45626,366,14:00,24,3,310,60,0,5,0.00001,347,1,18,310,1080,-770,248.39
44938,45626,366,21:00,24,1,360,235,0,5,0.00001,347,3,16,1080,3760,-2680,248.15
44938,45626,366,09:00,24,3,35,235,1,5,0.00001,293,70,3,2450,705,1745,247.52
44938,45626,366,16:00,24,3,235,35,0,5,0.00001,293,3,70,705,2450,-1745,247.52
44938,45626,366,14:00,12,3,185,35,0,5,0.00001,308,3,55,555,1925,-1370,246.85
44938,45626,366,13:00,24,3,185,60,0,5,0.00001,331,3,32,555,1920,-1365,245.95
44938,45626,366,13:00,24,3,185,160,0,5,0.00001,331,7,28,1295,4480,-3185,245.95
44938,45626,366,09:00,24,3,35,360,1,5,0.00001,293,71,2,2485,720,1765,245.14
44938,45626,366,16:00,24,3,360,35,0,5,0.00001,293,2,71,720,2485,-1765,245.14
44938,45626,366,15:00,18,3,235,60,0,5,0.00001,337,2,27,470,1620,-1150,244.68
44938,45626,366,13:00,24,3,360,160,0,5,0.00001,331,4,31,1440,4960,-3520,244.44
44938,45626,366,21:00,24,1,210,85,0,5,0.00001,347,2,17,420,1445,-1025,244.05
44938,45626,366,14:00,12,3,285,35,0,5,0.00001,308,2,56,570,1960,-1390,243.86
44938,45626,366,15:00,18,3,285,60,1,5,0.00001,314,3,49,855,2940,-2085,243.86
44938,45626,366,15:00,12,6,260,35,0,5,0.00001,313,2,51,520,1785,-1265,243.27
44938,45626,366,13:00,6,3,35,285,0,5,0.00001,251,111,4,3885,1140,2745,240.79
44938,45626,366,23:00,18,1,35,185,0,5,0.00001,328,36,2,1260,370,890,240.54
44938,45626,366,14:00,24,3,185,35,0,5,0.00001,347,1,18,185,630,-445,240.54
44938,45626,366,04:00,12,3,310,35,0,5,0.00001,304,2,60,620,2100,-1480,238.71
44938,45626,366,13:00,24,6,310,35,0,5,0.00001,304,2,60,620,2100,-1480,238.71
44938,45626,366,14:00,24,6,310,35,0,5,0.00001,335,1,30,310,1050,-740,238.71
44938,45626,366,17:00,24,1,285,35,0,5,0.00001,309,2,55,570,1925,-1355,237.72
44938,45626,366,13:00,24,3,160,160,0,5,0.00001,331,8,27,1280,4320,-3040,237.5
44938,45626,366,13:00,24,3,310,135,0,5,0.00001,331,4,31,1240,4185,-2945,237.5
44938,45626,366,13:00,24,3,285,160,0,5,0.00001,331,5,30,1425,4800,-3375,236.84
44938,45626,366,15:00,18,3,260,35,1,5,0.00001,314,2,50,520,1750,-1230,236.54
44938,45626,366,21:00,24,1,135,85,0,5,0.00001,347,3,16,405,1360,-955,235.8
44938,45626,366,15:00,12,3,185,60,0,5,0.00001,332,3,31,555,1860,-1305,235.14
44938,45626,366,17:00,0,1,185,85,0,5,0.00001,308,7,51,1295,4335,-3040,234.75
44938,45626,366,14:00,24,6,260,60,0,5,0.00001,335,2,29,520,1740,-1220,234.62
44938,45626,366,21:00,24,1,335,210,0,5,0.00001,347,3,16,1005,3360,-2355,234.33
44938,45626,366,16:00,12,3,335,60,0,5,0.00001,307,3,56,1005,3360,-2355,234.33
44938,45626,366,19:00,24,3,210,35,0,5,0.00001,303,3,60,630,2100,-1470,233.33
44938,45626,366,02:00,6,3,35,210,0,5,0.00001,240,120,6,4200,1260,2940,233.33
44938,45626,366,19:00,24,6,185,35,0,5,0.00001,273,5,88,925,3080,-2155,232.97
44938,45626,366,19:00,24,6,235,35,0,5,0.00001,273,4,89,940,3115,-2175,231.38
44938,45626,366,16:00,12,3,360,135,0,5,0.00001,307,6,53,2160,7155,-4995,231.25
44938,45626,366,11:00,24,3,35,310,1,5,0.00001,275,88,3,3080,930,2150,231.18
44938,45626,366,08:00,12,3,35,335,0,5,0.00001,268,95,3,3325,1005,2320,230.85
44938,45626,366,17:00,6,1,110,160,0,5,0.00001,337,24,5,2640,800,1840,230
44938,45626,366,22:00,18,1,310,160,0,5,0.00001,339,17,10,5270,1600,3670,229.38
44938,45626,366,13:00,24,3,235,160,0,5,0.00001,331,6,29,1410,4640,-3230,229.08
44938,45626,366,21:00,24,1,285,110,0,5,0.00001,347,2,17,570,1870,-1300,228.07
44938,45626,366,13:00,24,6,210,35,0,5,0.00001,304,3,59,630,2065,-1435,227.78
44938,45626,366,03:00,24,3,235,35,0,5,0.00001,320,2,44,470,1540,-1070,227.66
44938,45626,366,19:00,12,1,35,310,0,5,0.00001,336,29,1,1015,310,705,227.42
44938,45626,366,21:00,3,1,310,35,0,5,0.00001,306,2,58,620,2030,-1410,227.42
44938,45626,366,22:00,12,1,310,35,0,5,0.00001,336,1,29,310,1015,-705,227.42
44938,45626,366,14:00,18,3,310,35,0,5,0.00001,306,2,58,620,2030,-1410,227.42
44938,45626,366,17:00,0,1,210,110,0,5,0.00001,308,8,50,1680,5500,-3820,227.38
44938,45626,366,17:00,6,1,110,210,0,5,0.00001,337,25,4,2750,840,1910,227.38
44938,45626,366,17:00,24,3,260,35,0,5,0.00001,265,4,97,1040,3395,-2355,226.44
44938,45626,366,17:00,6,1,60,160,0,5,0.00001,337,26,3,1560,480,1080,225
44938,45626,366,20:00,12,3,210,35,0,5,0.00001,284,4,78,840,2730,-1890,225
44938,45626,366,21:00,24,1,60,360,1,5,0.00001,325,39,2,2340,720,1620,225
44938,45626,366,22:00,18,1,35,135,0,5,0.00001,339,25,2,875,270,605,224.07
44938,45626,366,10:00,24,3,160,35,0,5,0.00001,303,4,59,640,2065,-1425,222.66
44938,45626,366,15:00,12,6,310,60,0,5,0.00001,313,3,50,930,3000,-2070,222.58
44938,45626,366,17:00,24,1,335,60,0,5,0.00001,309,3,54,1005,3240,-2235,222.39
44938,45626,366,21:00,24,1,60,335,0,5,0.00001,347,18,1,1080,335,745,222.39
44938,45626,366,14:00,24,3,335,60,0,5,0.00001,347,1,18,335,1080,-745,222.39
44938,45626,366,13:00,24,3,310,35,1,5,0.00001,307,2,57,620,1995,-1375,221.77
44938,45626,366,13:00,24,3,160,235,0,5,0.00001,331,11,24,1760,5640,-3880,220.45
44938,45626,366,13:00,24,6,310,35,1,5,0.00001,278,3,85,930,2975,-2045,219.89
44938,45626,366,17:00,12,3,35,260,0,5,0.00001,267,95,4,3325,1040,2285,219.71
44938,45626,366,13:00,24,3,310,60,0,5,0.00001,331,2,33,620,1980,-1360,219.35
44938,45626,366,13:00,24,3,85,35,0,5,0.00001,331,4,31,340,1085,-745,219.12
44938,45626,366,21:00,24,1,335,285,0,5,0.00001,347,4,15,1340,4275,-2935,219.03
44938,45626,366,16:00,3,6,35,310,0,5,0.00001,249,113,4,3955,1240,2715,218.95
44938,45626,366,18:00,12,1,260,35,0,5,0.00001,292,3,71,780,2485,-1705,218.59
44938,45626,366,13:00,24,3,185,235,0,5,0.00001,331,10,25,1850,5875,-4025,217.57
44938,45626,366,13:00,24,6,160,35,0,5,0.00001,304,4,58,640,2030,-1390,217.19
44938,45626,366,21:00,24,1,185,110,0,5,0.00001,347,3,16,555,1760,-1205,217.12
44938,45626,366,17:00,18,1,60,285,0,5,0.00001,346,12,8,720,2280,-1560,216.67
44938,45626,366,21:00,3,1,210,35,0,5,0.00001,306,3,57,630,1995,-1365,216.67
44938,45626,366,14:00,12,3,310,35,0,5,0.00001,308,2,56,620,1960,-1340,216.13
44938,45626,366,15:00,18,3,310,60,1,5,0.00001,314,3,49,930,2940,-2010,216.13
44938,45626,366,22:00,18,1,160,135,1,5,0.00001,322,32,12,5120,1620,3500,216.05
44938,45626,366,15:00,12,6,185,35,0,5,0.00001,313,3,50,555,1750,-1195,215.32
44938,45626,366,17:00,6,1,110,110,0,5,0.00001,337,22,7,2420,770,1650,214.29
44938,45626,366,17:00,6,1,135,135,0,5,0.00001,337,22,7,2970,945,2025,214.29
44938,45626,366,09:00,24,3,35,260,1,5,0.00001,293,70,3,2450,780,1670,214.1
44938,45626,366,16:00,24,3,260,35,0,5,0.00001,293,3,70,780,2450,-1670,214.1
44938,45626,366,15:00,18,3,235,85,0,5,0.00001,337,3,26,705,2210,-1505,213.48
44938,45626,366,04:00,12,3,335,35,0,5,0.00001,304,2,60,670,2100,-1430,213.43
44938,45626,366,13:00,24,6,335,35,0,5,0.00001,304,2,60,670,2100,-1430,213.43
44938,45626,366,14:00,24,6,335,35,0,5,0.00001,335,1,30,335,1050,-715,213.43
44938,45626,366,13:00,6,3,35,310,0,5,0.00001,251,111,4,3885,1240,2645,213.31
44938,45626,366,15:00,12,6,285,35,0,5,0.00001,313,2,51,570,1785,-1215,213.16
44938,45626,366,13:00,24,6,235,35,1,5,0.00001,278,4,84,940,2940,-2000,212.77
44938,45626,366,23:00,18,1,60,85,0,5,0.00001,328,31,7,1860,595,1265,212.61
44938,45626,366,13:00,24,3,335,135,0,5,0.00001,331,4,31,1340,4185,-2845,212.31
44938,45626,366,15:00,18,3,260,60,0,5,0.00001,337,2,27,520,1620,-1100,211.54
44938,45626,366,15:00,12,6,185,60,0,5,0.00001,313,5,48,925,2880,-1955,211.35
44938,45626,366,21:00,24,1,60,35,0,5,0.00001,347,3,16,180,560,-380,211.11
44938,45626,366,21:00,24,1,360,210,0,5,0.00001,347,3,16,1080,3360,-2280,211.11
44938,45626,366,16:00,12,3,360,60,0,5,0.00001,307,3,56,1080,3360,-2280,211.11
44938,45626,366,17:00,24,1,310,35,0,5,0.00001,309,2,55,620,1925,-1305,210.48
44938,45626,366,17:00,6,1,135,210,0,5,0.00001,337,24,5,3240,1050,2190,208.57
44938,45626,366,08:00,12,3,35,360,0,5,0.00001,268,95,3,3325,1080,2245,207.87
44938,45626,366,21:00,24,1,235,85,0,5,0.00001,347,2,17,470,1445,-975,207.45
44938,45626,366,11:00,24,12,35,285,1,5,0.00001,210,150,6,5250,1710,3540,207.02
44938,45626,366,15:00,18,3,285,35,1,5,0.00001,314,2,50,570,1750,-1180,207.02
44938,45626,366,01:00,18,18,35,360,0,5,0.00001,138,221,7,7735,2520,5215,206.94
44938,45626,366,15:00,24,3,110,135,0,5,0.00001,324,12,30,1320,4050,-2730,206.82
44938,45626,366,13:00,24,3,185,260,0,5,0.00001,331,11,24,2035,6240,-4205,206.63
44938,45626,366,11:00,24,3,35,335,1,5,0.00001,275,88,3,3080,1005,2075,206.47
44938,45626,366,15:00,18,3,235,60,1,5,0.00001,314,4,48,940,2880,-1940,206.38
44938,45626,366,17:00,0,1,210,35,0,5,0.00001,308,3,55,630,1925,-1295,205.56
44938,45626,366,21:00,24,1,135,110,0,5,0.00001,347,4,15,540,1650,-1110,205.56
44938,45626,366,14:00,12,3,210,35,0,5,0.00001,308,3,55,630,1925,-1295,205.56
44938,45626,366,14:00,24,6,285,60,0,5,0.00001,335,2,29,570,1740,-1170,205.26
44938,45626,366,13:00,24,3,210,60,0,5,0.00001,331,3,32,630,1920,-1290,204.76
44938,45626,366,13:00,24,3,210,160,0,5,0.00001,331,7,28,1470,4480,-3010,204.76
44938,45626,366,13:00,24,12,360,35,0,5,0.00001,269,3,94,1080,3290,-2210,204.63
44938,45626,366,19:00,12,1,35,335,0,5,0.00001,336,29,1,1015,335,680,202.99
44938,45626,366,21:00,3,1,335,35,0,5,0.00001,306,2,58,670,2030,-1360,202.99
44938,45626,366,22:00,12,1,35,335,0,5,0.00001,336,29,1,1015,335,680,202.99
44938,45626,366,22:00,12,1,335,35,0,5,0.00001,336,1,29,335,1015,-680,202.99
44938,45626,366,14:00,18,3,335,35,0,5,0.00001,306,2,58,670,2030,-1360,202.99
44938,45626,366,17:00,0,1,210,60,0,5,0.00001,308,5,53,1050,3180,-2130,202.86
44938,45626,366,22:00,18,1,285,160,0,5,0.00001,339,17,10,4845,1600,3245,202.81
44938,45626,366,21:00,24,1,310,335,0,5,0.00001,347,5,14,1550,4690,-3140,202.58
44938,45626,366,17:00,6,1,85,135,0,5,0.00001,337,24,5,2040,675,1365,202.22
44938,45626,366,21:00,24,1,310,110,0,5,0.00001,347,2,17,620,1870,-1250,201.61
44938,45626,366,11:00,24,6,35,260,1,5,0.00001,249,112,5,3920,1300,2620,201.54
44938,45626,366,16:00,3,6,35,260,0,5,0.00001,249,112,5,3920,1300,2620,201.54
44938,45626,366,10:00,24,3,135,35,0,5,0.00001,303,5,58,675,2030,-1355,200.74
44938,45626,366,17:00,24,1,360,60,0,5,0.00001,309,3,54,1080,3240,-2160,200
44938,45626,366,19:00,18,1,210,35,1,5,0.00001,290,4,72,840,2520,-1680,200
44938,45626,366,21:00,24,1,60,360,0,5,0.00001,347,18,1,1080,360,720,200
44938,45626,366,22:00,18,1,160,160,1,5,0.00001,322,33,11,5280,1760,3520,200
44938,45626,366,23:00,18,1,35,210,0,5,0.00001,328,36,2,1260,420,840,200
44938,45626,366,23:00,18,1,60,360,0,5,0.00001,328,36,2,2160,720,1440,200
44938,45626,366,14:00,24,3,210,35,0,5,0.00001,347,1,18,210,630,-420,200
44938,45626,366,14:00,24,3,360,60,0,5,0.00001,347,1,18,360,1080,-720,200
44938,45626,366,15:00,18,6,260,60,0,5,0.00001,296,5,65,1300,3900,-2600,200
44938,45626,366,19:00,24,6,260,35,0,5,0.00001,273,4,89,1040,3115,-2075,199.52
44938,45626,366,21:00,24,1,85,360,1,5,0.00001,325,38,3,3230,1080,2150,199.07
44938,45626,366,22:00,18,1,35,160,1,5,0.00001,322,41,3,1435,480,955,198.96
44938,45626,366,15:00,12,6,335,60,0,5,0.00001,313,3,50,1005,3000,-1995,198.51
44938,45626,366,19:00,24,3,235,35,0,5,0.00001,303,3,60,705,2100,-1395,197.87
44938,45626,366,02:00,6,3,35,235,0,5,0.00001,240,120,6,4200,1410,2790,197.87
44938,45626,366,17:00,24,3,285,35,0,5,0.00001,265,4,97,1140,3395,-2255,197.81
44938,45626,366,20:00,18,3,35,335,0,5,0.00001,307,57,2,1995,670,1325,197.76
44938,45626,366,13:00,24,3,335,35,1,5,0.00001,307,2,57,670,1995,-1325,197.76
44938,45626,366,16:00,12,3,335,35,0,5,0.00001,307,2,57,670,1995,-1325,197.76
44938,45626,366,13:00,24,3,260,160,0,5,0.00001,331,6,29,1560,4640,-3080,197.44
44938,45626,366,19:00,18,1,110,35,0,5,0.00001,335,3,28,330,980,-650,196.97
44938,45626,366,21:00,24,1,360,285,0,5,0.00001,347,4,15,1440,4275,-2835,196.88
44938,45626,366,03:00,24,3,260,35,0,5,0.00001,320,2,44,520,1540,-1020,196.15
44938,45626,366,13:00,24,6,335,35,1,5,0.00001,278,3,85,1005,2975,-1970,196.02
44938,45626,366,13:00,24,3,335,60,0,5,0.00001,331,2,33,670,1980,-1310,195.52
44938,45626,366,14:00,12,3,160,35,0,5,0.00001,308,4,54,640,1890,-1250,195.31
44938,45626,366,15:00,12,3,210,60,0,5,0.00001,332,3,31,630,1860,-1230,195.24
44938,45626,366,17:00,0,1,210,85,0,5,0.00001,308,7,51,1470,4335,-2865,194.9
44938,45626,366,21:00,24,1,335,185,0,5,0.00001,347,3,16,1005,2960,-1955,194.53
44938,45626,366,08:00,12,6,35,260,0,5,0.00001,229,131,6,4585,1560,3025,193.91
44938,45626,366,19:00,24,3,210,210,0,5,0.00001,303,16,47,3360,9870,-6510,193.75
44938,45626,366,22:00,18,1,185,135,1,5,0.00001,322,30,14,5550,1890,3660,193.65
44938,45626,366,11:00,24,3,35,260,1,5,0.00001,275,87,4,3045,1040,2005,192.79
44938,45626,366,17:00,0,1,235,110,0,5,0.00001,308,8,50,1880,5500,-3620,192.55
44938,45626,366,17:00,6,1,110,235,0,5,0.00001,337,25,4,2750,940,1810,192.55
44938,45626,366,14:00,12,3,335,35,0,5,0.00001,308,2,56,670,1960,-1290,192.54
44938,45626,366,15:00,18,3,335,60,1,5,0.00001,314,3,49,1005,2940,-1935,192.54
44938,45626,366,16:00,3,3,35,335,0,5,0.00001,279,84,3,2940,1005,1935,192.54
44938,45626,366,13:00,24,3,310,85,0,5,0.00001,331,3,32,930,2720,-1790,192.47
44938,45626,366,20:00,12,3,260,60,0,5,0.00001,284,6,76,1560,4560,-3000,192.31
44938,45626,366,17:00,6,1,160,210,0,5,0.00001,337,23,6,3680,1260,2420,192.06
44938,45626,366,13:00,24,3,185,135,0,5,0.00001,331,7,28,1295,3780,-2485,191.89
44938,45626,366,13:00,24,3,185,360,0,5,0.00001,331,14,21,2590,7560,-4970,191.89
44938,45626,366,17:00,12,3,35,285,0,5,0.00001,267,95,4,3325,1140,2185,191.67
44938,45626,366,04:00,12,3,360,35,0,5,0.00001,304,2,60,720,2100,-1380,191.67
44938,45626,366,07:00,24,3,35,260,0,5,0.00001,298,65,3,2275,780,1495,191.67
44938,45626,366,13:00,24,6,360,35,0,5,0.00001,304,2,60,720,2100,-1380,191.67
44938,45626,366,14:00,24,6,360,35,0,5,0.00001,335,1,30,360,1050,-690,191.67
44938,45626,366,21:00,24,1,335,260,0,5,0.00001,347,4,15,1340,3900,-2560,191.04
44938,45626,366,18:00,12,1,285,35,0,5,0.00001,292,3,71,855,2485,-1630,190.64
44938,45626,366,13:00,24,3,160,60,0,5,0.00001,331,4,31,640,1860,-1220,190.62
44938,45626,366,13:00,24,3,360,135,0,5,0.00001,331,4,31,1440,4185,-2745,190.62
44938,45626,366,20:00,12,3,235,35,0,5,0.00001,284,4,78,940,2730,-1790,190.43
44938,45626,366,15:00,24,3,360,110,0,5,0.00001,324,4,38,1440,4180,-2740,190.28
44938,45626,366,13:00,6,3,35,335,0,5,0.00001,251,111,4,3885,1340,2545,189.93
44938,45626,366,21:00,24,1,110,85,0,5,0.00001,347,4,15,440,1275,-835,189.77
44938,45626,366,17:00,18,1,60,260,0,5,0.00001,346,12,8,720,2080,-1360,188.89
44938,45626,366,13:00,24,3,235,235,0,5,0.00001,331,9,26,2115,6110,-3995,188.89
44938,45626,366,13:00,24,3,285,285,0,5,0.00001,331,9,26,2565,7410,-4845,188.89
44938,45626,366,15:00,24,3,85,110,0,5,0.00001,324,13,29,1105,3190,-2085,188.69
44938,45626,366,21:00,3,1,210,35,1,5,0.00001,238,7,121,1470,4235,-2765,188.1
44938,45626,366,15:00,12,6,310,35,0,5,0.00001,313,2,51,620,1785,-1165,187.9
44938,45626,366,17:00,6,1,110,85,0,5,0.00001,337,20,9,2200,765,1435,187.58
44938,45626,366,13:00,24,3,185,110,0,5,0.00001,331,6,29,1110,3190,-2080,187.39
44938,45626,366,16:00,12,3,85,135,0,5,0.00001,307,21,38,1785,5130,-3345,187.39
44938,45626,366,17:00,24,1,335,35,0,5,0.00001,309,2,55,670,1925,-1255,187.31
44938,45626,366,22:00,6,1,335,35,0,5,0.00001,309,2,55,670,1925,-1255,187.31
44938,45626,366,22:00,18,1,310,135,0,5,0.00001,339,15,12,4650,1620,3030,187.04
44938,45626,366,09:00,24,3,35,285,1,5,0.00001,293,70,3,2450,855,1595,186.55
44938,45626,366,16:00,24,3,285,35,0,5,0.00001,293,3,70,855,2450,-1595,186.55
44938,45626,366,13:00,24,3,160,210,0,5,0.00001,331,11,24,1760,5040,-3280,186.36
44938,45626,366,19:00,24,3,235,210,0,5,0.00001,303,15,48,3525,10080,-6555,185.96
44938,45626,366,15:00,24,3,85,135,0,5,0.00001,324,15,27,1275,3645,-2370,185.88
44938,45626,366,17:00,6,1,110,185,0,5,0.00001,337,24,5,2640,925,1715,185.41
44938,45626,366,11:00,24,3,35,360,1,5,0.00001,275,88,3,3080,1080,2000,185.19
44938,45626,366,22:00,18,1,310,185,0,5,0.00001,339,17,10,5270,1850,3420,184.86
44938,45626,366,13:00,24,3,160,135,0,5,0.00001,331,8,27,1280,3645,-2365,184.77
44938,45626,366,21:00,24,1,310,235,0,5,0.00001,347,4,15,1240,3525,-2285,184.27
44938,45626,366,13:00,24,3,285,135,0,5,0.00001,331,5,30,1425,4050,-2625,184.21
44938,45626,366,15:00,18,3,285,60,0,5,0.00001,337,2,27,570,1620,-1050,184.21
44938,45626,366,18:00,18,6,335,35,0,5,0.00001,225,5,136,1675,4760,-3085,184.18
44938,45626,366,17:00,24,6,360,35,0,5,0.00001,215,5,146,1800,5110,-3310,183.89
44938,45626,366,19:00,24,3,185,210,0,5,0.00001,303,18,45,3330,9450,-6120,183.78
44938,45626,366,13:00,24,3,185,210,0,5,0.00001,331,10,25,1850,5250,-3400,183.78
44938,45626,366,21:00,24,1,160,85,0,5,0.00001,347,3,16,480,1360,-880,183.33
44938,45626,366,22:00,18,1,85,135,1,5,0.00001,322,36,8,3060,1080,1980,183.33
44938,45626,366,15:00,18,3,260,85,0,5,0.00001,337,3,26,780,2210,-1430,183.33
44938,45626,366,18:00,3,1,235,35,1,5,0.00001,266,5,95,1175,3325,-2150,182.98
44938,45626,366,21:00,3,1,235,35,0,5,0.00001,306,3,57,705,1995,-1290,182.98
44938,45626,366,14:00,18,3,235,35,0,5,0.00001,306,3,57,705,1995,-1290,182.98
44938,45626,366,19:00,24,3,260,210,0,5,0.00001,303,14,49,3640,10290,-6650,182.69
44938,45626,366,23:00,24,1,35,260,1,5,0.00001,278,84,4,2940,1040,1900,182.69
44938,45626,366,13:00,24,6,260,35,1,5,0.00001,278,4,84,1040,2940,-1900,182.69
44938,45626,366,11:00,24,12,35,310,1,5,0.00001,210,150,6,5250,1860,3390,182.26
44938,45626,366,15:00,18,3,310,35,1,5,0.00001,314,2,50,620,1750,-1130,182.26
44938,45626,366,19:00,12,1,35,360,0,5,0.00001,336,29,1,1015,360,655,181.94
44938,45626,366,21:00,3,1,360,35,0,5,0.00001,306,2,58,720,2030,-1310,181.94
44938,45626,366,22:00,12,1,35,360,0,5,0.00001,336,29,1,1015,360,655,181.94
44938,45626,366,22:00,12,1,35,360,1,5,0.00001,306,58,2,2030,720,1310,181.94
44938,45626,366,22:00,12,1,360,35,0,5,0.00001,336,1,29,360,1015,-655,181.94
44938,45626,366,02:00,6,6,35,360,0,5,0.00001,186,174,6,6090,2160,3930,181.94
44938,45626,366,19:00,24,3,210,185,0,5,0.00001,303,15,48,3150,8880,-5730,181.9
44938,45626,366,15:00,24,3,110,110,0,5,0.00001,324,11,31,1210,3410,-2200,181.82
44938,45626,366,15:00,24,3,135,135,0,5,0.00001,324,11,31,1485,4185,-2700,181.82
44938,45626,366,22:00,18,1,360,160,0,5,0.00001,339,15,12,5400,1920,3480,181.25
44938,45626,366,17:00,0,1,185,60,0,5,0.00001,308,6,52,1110,3120,-2010,181.08
44938,45626,366,17:00,6,1,60,185,0,5,0.00001,337,26,3,1560,555,1005,181.08
44938,45626,366,14:00,24,6,235,60,1,5,0.00001,306,5,55,1175,3300,-2125,180.85
44938,45626,366,14:00,24,6,310,60,0,5,0.00001,335,2,29,620,1740,-1120,180.65
44938,45626,366,17:00,6,1,60,35,0,5,0.00001,337,18,11,1080,385,695,180.52
44938,45626,366,22:00,18,1,260,135,0,5,0.00001,339,16,11,4160,1485,2675,180.13
44938,45626,366,17:00,12,3,35,235,0,5,0.00001,267,94,5,3290,1175,2115,180
44938,45626,366,21:00,24,1,110,110,0,5,0.00001,347,5,14,550,1540,-990,180
44938,45626,366,21:00,24,1,135,135,0,5,0.00001,347,5,14,675,1890,-1215,180
44938,45626,366,21:00,24,1,310,310,0,5,0.00001,347,5,14,1550,4340,-2790,180
44938,45626,366,21:00,24,1,335,335,0,5,0.00001,347,5,14,1675,4690,-3015,180
44938,45626,366,13:00,24,3,210,235,0,5,0.00001,331,10,25,2100,5875,-3775,179.76
44938,45626,366,17:00,6,1,135,185,0,5,0.00001,337,23,6,3105,1110,1995,179.73
44938,45626,366,16:00,12,3,110,135,0,5,0.00001,307,18,41,1980,5535,-3555,179.55
44938,45626,366,19:00,6,1,285,35,1,5,0.00001,271,4,91,1140,3185,-2045,179.39
44938,45626,366,21:00,24,1,210,110,0,5,0.00001,347,3,16,630,1760,-1130,179.37
44938,45626,366,16:00,3,3,35,260,0,5,0.00001,279,83,4,2905,1040,1865,179.33
44938,45626,366,02:00,6,3,35,185,0,5,0.00001,240,118,8,4130,1480,2650,179.05
44938,45626,366,10:00,24,3,185,35,0,5,0.00001,303,4,59,740,2065,-1325,179.05
44938,45626,366,04:00,12,3,285,85,0,5,0.00001,304,6,56,1710,4760,-3050,178.36
44938,45626,366,13:00,24,3,285,235,0,5,0.00001,331,8,27,2280,6345,-4065,178.29
44938,45626,366,17:00,18,1,60,310,0,5,0.00001,346,13,7,780,2170,-1390,178.21
44938,45626,366,13:00,24,3,235,35,1,5,0.00001,307,3,56,705,1960,-1255,178.01
44938,45626,366,15:00,12,6,210,35,0,5,0.00001,313,3,50,630,1750,-1120,177.78
44938,45626,366,15:00,12,6,360,60,0,5,0.00001,313,3,50,1080,3000,-1920,177.78
44938,45626,366,13:00,24,3,235,135,0,5,0.00001,331,6,29,1410,3915,-2505,177.66
44938,45626,366,17:00,6,1,285,110,0,5,0.00001,337,15,14,4275,1540,2735,177.6
44938,45626,366,20:00,12,3,160,35,0,5,0.00001,284,6,76,960,2660,-1700,177.08
44938,45626,366,20:00,18,3,35,360,0,5,0.00001,307,57,2,1995,720,1275,177.08
44938,45626,366,01:00,18,24,35,360,0,5,0.00001,130,228,8,7980,2880,5100,177.08
44938,45626,366,13:00,24,3,360,35,1,5,0.00001,307,2,57,720,1995,-1275,177.08
44938,45626,366,16:00,12,3,360,35,0,5,0.00001,307,2,57,720,1995,-1275,177.08
44938,45626,366,08:00,12,3,35,235,0,5,0.00001,268,93,5,3255,1175,2080,177.02
44938,45626,366,21:00,24,1,260,135,0,5,0.00001,347,3,16,780,2160,-1380,176.92
44938,45626,366,13:00,24,3,235,260,0,5,0.00001,331,10,25,2350,6500,-4150,176.6
44938,45626,366,13:00,24,3,135,35,0,5,0.00001,331,3,32,405,1120,-715,176.54
44938,45626,366,18:00,18,6,285,35,0,5,0.00001,225,6,135,1710,4725,-3015,176.32
44938,45626,366,22:00,18,1,260,160,0,5,0.00001,339,17,10,4420,1600,2820,176.25
44938,45626,366,17:00,6,1,135,235,0,5,0.00001,337,24,5,3240,1175,2065,175.74
44938,45626,366,16:00,12,3,235,60,0,5,0.00001,307,5,54,1175,3240,-2065,175.74
44938,45626,366,22:00,18,1,185,160,1,5,0.00001,322,31,13,5735,2080,3655,175.72
44938,45626,366,23:00,18,1,60,185,0,5,0.00001,328,34,4,2040,740,1300,175.68
44938,45626,366,13:00,24,3,185,85,0,5,0.00001,331,5,30,925,2550,-1625,175.68
44938,45626,366,13:00,24,3,285,360,0,5,0.00001,331,11,24,3135,8640,-5505,175.6
44938,45626,366,19:00,24,3,235,185,0,5,0.00001,303,14,49,3290,9065,-5775,175.53
44938,45626,366,11:00,24,6,35,235,1,5,0.00001,249,111,6,3885,1410,2475,175.53
44938,45626,366,13:00,24,6,360,35,1,5,0.00001,278,3,85,1080,2975,-1895,175.46
44938,45626,366,16:00,3,6,35,285,0,5,0.00001,249,112,5,3920,1425,2495,175.09
44938,45626,366,21:00,18,1,60,360,0,5,0.00001,331,24,11,1440,3960,-2520,175
44938,45626,366,13:00,24,3,160,110,0,5,0.00001,331,7,28,1120,3080,-1960,175
44938,45626,366,13:00,24,3,160,260,0,5,0.00001,331,13,22,2080,5720,-3640,175
44938,45626,366,13:00,24,3,310,110,0,5,0.00001,331,4,31,1240,3410,-2170,175
44938,45626,366,13:00,24,3,360,60,0,5,0.00001,331,2,33,720,1980,-1260,175
44938,45626,366,22:00,18,1,185,160,0,5,0.00001,339,19,8,3515,1280,2235,174.61
44938,45626,366,14:00,24,6,185,35,0,5,0.00001,335,2,29,370,1015,-645,174.32
44938,45626,366,15:00,12,6,210,60,0,5,0.00001,313,5,48,1050,2880,-1830,174.29
44938,45626,366,21:00,24,1,360,185,0,5,0.00001,347,3,16,1080,2960,-1880,174.07
44938,45626,366,22:00,18,1,185,135,0,5,0.00001,339,18,9,3330,1215,2115,174.07
44938,45626,366,13:00,24,3,260,285,0,5,0.00001,331,10,25,2600,7125,-4525,174.04
44938,45626,366,16:00,12,3,335,85,0,5,0.00001,307,5,54,1675,4590,-2915,174.03
44938,45626,366,17:00,24,3,310,35,0,5,0.00001,265,4,97,1240,3395,-2155,173.79
44938,45626,366,15:00,18,6,285,60,0,5,0.00001,296,5,65,1425,3900,-2475,173.68
44938,45626,366,19:00,24,3,260,185,0,5,0.00001,303,13,50,3380,9250,-5870,173.67
44938,45626,366,21:00,24,1,185,135,0,5,0.00001,347,4,15,740,2025,-1285,173.65
44938,45626,366,19:00,24,1,160,35,0,5,0.00001,339,2,25,320,875,-555,173.44
44938,45626,366,22:00,18,1,35,160,0,5,0.00001,339,25,2,875,320,555,173.44
44938,45626,366,19:00,24,6,285,35,0,5,0.00001,273,4,89,1140,3115,-1975,173.25
44938,45626,366,17:00,0,1,235,35,0,5,0.00001,308,3,55,705,1925,-1220,173.05
44938,45626,366,14:00,12,3,235,35,0,5,0.00001,308,3,55,705,1925,-1220,173.05
44938,45626,366,17:00,24,6,310,35,0,5,0.00001,215,6,145,1860,5075,-3215,172.85
44938,45626,366,17:00,6,1,260,135,0,5,0.00001,337,17,12,4420,1620,2800,172.84
44938,45626,366,22:00,12,1,110,60,0,5,0.00001,336,5,25,550,1500,-950,172.73
44938,45626,366,16:00,12,3,85,110,0,5,0.00001,307,19,40,1615,4400,-2785,172.45
44938,45626,366,13:00,24,3,235,60,0,5,0.00001,331,3,32,705,1920,-1215,172.34
44938,45626,366,15:00,18,6,235,60,0,5,0.00001,296,6,64,1410,3840,-2430,172.34
44938,45626,366,14:00,12,3,360,35,0,5,0.00001,308,2,56,720,1960,-1240,172.22
44938,45626,366,15:00,18,3,210,35,1,5,0.00001,314,3,49,630,1715,-1085,172.22
44938,45626,366,16:00,3,3,35,360,0,5,0.00001,279,84,3,2940,1080,1860,172.22
44938,45626,366,17:00,6,1,135,310,0,5,0.00001,337,25,4,3375,1240,2135,172.18
44938,45626,366,13:00,24,3,285,310,0,5,0.00001,331,10,25,2850,7750,-4900,171.93
44938,45626,366,17:00,6,1,160,185,0,5,0.00001,337,22,7,3520,1295,2225,171.81
44938,45626,366,13:00,24,3,185,335,0,5,0.00001,331,14,21,2590,7035,-4445,171.62
44938,45626,366,19:00,24,3,210,60,0,5,0.00001,303,6,57,1260,3420,-2160,171.43
44938,45626,366,15:00,12,3,235,85,0,5,0.00001,332,4,30,940,2550,-1610,171.28
44938,45626,366,15:00,12,12,235,60,0,5,0.00001,273,8,85,1880,5100,-3220,171.28
44938,45626,366,21:00,24,1,360,260,0,5,0.00001,347,4,15,1440,3900,-2460,170.83
44938,45626,366,13:00,24,3,335,85,0,5,0.00001,331,3,32,1005,2720,-1715,170.65
44938,45626,366,17:00,0,1,235,60,0,5,0.00001,308,5,53,1175,3180,-2005,170.64
44938,45626,366,14:00,24,12,235,60,0,5,0.00001,308,5,53,1175,3180,-2005,170.64
44938,45626,366,19:00,24,3,185,185,0,5,0.00001,303,17,46,3145,8510,-5365,170.59
44938,45626,366,14:00,24,3,110,35,0,5,0.00001,347,2,17,220,595,-375,170.45
44938,45626,366,03:00,24,3,285,35,0,5,0.00001,320,2,44,570,1540,-970,170.18
44938,45626,366,13:00,24,3,210,260,0,5,0.00001,331,11,24,2310,6240,-3930,170.13
44938,45626,366,16:00,12,3,360,110,0,5,0.00001,307,6,53,2160,5830,-3670,169.91
44938,45626,366,13:00,6,3,35,360,0,5,0.00001,251,111,4,3885,1440,2445,169.79
44938,45626,366,17:00,24,12,310,35,0,5,0.00001,167,8,191,2480,6685,-4205,169.56
44938,45626,366,19:00,24,3,260,35,0,5,0.00001,303,3,60,780,2100,-1320,169.23
44938,45626,366,23:00,18,1,60,260,0,5,0.00001,328,35,3,2100,780,1320,169.23
44938,45626,366,02:00,6,3,35,260,0,5,0.00001,240,120,6,4200,1560,2640,169.23
44938,45626,366,20:00,12,6,210,35,0,5,0.00001,246,7,113,1470,3955,-2485,169.05
44938,45626,366,16:00,12,3,135,135,0,5,0.00001,307,16,43,2160,5805,-3645,168.75
44938,45626,366,18:00,24,1,235,260,0,5,0.00001,342,7,17,1645,4420,-2775,168.69
44938,45626,366,16:00,12,3,235,85,0,5,0.00001,307,7,52,1645,4420,-2775,168.69
44938,45626,366,19:00,12,1,285,85,0,5,0.00001,336,3,27,855,2295,-1440,168.42
44938,45626,366,17:00,12,3,35,310,0,5,0.00001,267,95,4,3325,1240,2085,168.15
44938,45626,366,17:00,12,3,310,35,0,5,0.00001,267,4,95,1240,3325,-2085,168.15
44938,45626,366,08:00,12,6,35,285,0,5,0.00001,229,131,6,4585,1710,2875,168.13
44938,45626,366,19:00,18,1,235,35,1,5,0.00001,290,4,72,940,2520,-1580,168.09
44938,45626,366,23:00,18,1,35,235,0,5,0.00001,328,36,2,1260,470,790,168.09
44938,45626,366,18:00,18,6,260,35,1,5,0.00001,178,9,179,2340,6265,-3925,167.74
44938,45626,366,19:00,24,3,260,60,0,5,0.00001,303,5,58,1300,3480,-2180,167.69
44938,45626,366,17:00,6,6,335,35,0,5,0.00001,233,5,128,1675,4480,-2805,167.46
44938,45626,366,17:00,24,1,360,35,0,5,0.00001,309,2,55,720,1925,-1205,167.36
44938,45626,366,22:00,6,1,360,35,0,5,0.00001,309,2,55,720,1925,-1205,167.36
44938,45626,366,18:00,12,1,310,35,0,5,0.00001,292,3,71,930,2485,-1555,167.2
44938,45626,366,13:00,24,3,160,360,0,5,0.00001,331,16,19,2560,6840,-4280,167.19
44938,45626,366,18:00,12,1,310,60,0,5,0.00001,292,5,69,1550,4140,-2590,167.1
44938,45626,366,17:00,24,12,360,35,0,5,0.00001,167,7,192,2520,6720,-4200,166.67
44938,45626,366,19:00,24,3,210,160,0,5,0.00001,303,14,49,2940,7840,-4900,166.67
44938,45626,366,20:00,12,3,285,60,0,5,0.00001,284,6,76,1710,4560,-2850,166.67
44938,45626,366,20:00,18,1,135,360,0,5,0.00001,346,10,10,1350,3600,-2250,166.67
44938,45626,366,22:00,18,1,135,135,1,5,0.00001,322,32,12,4320,1620,2700,166.67
44938,45626,366,15:00,12,3,185,85,0,5,0.00001,332,5,29,925,2465,-1540,166.49
44938,45626,366,15:00,12,6,335,35,0,5,0.00001,313,2,51,670,1785,-1115,166.42
44938,45626,366,19:00,3,1,360,35,1,5,0.00001,224,5,137,1800,4795,-2995,166.39
44938,45626,366,15:00,12,3,235,60,1,5,0.00001,286,7,73,1645,4380,-2735,166.26
44938,45626,366,16:00,0,6,260,60,1,5,0.00001,178,15,173,3900,10380,-6480,166.15
44938,45626,366,16:00,12,3,310,60,0,5,0.00001,307,4,55,1240,3300,-2060,166.13
44938,45626,366,01:00,18,12,35,285,0,5,0.00001,162,195,9,6825,2565,4260,166.08
44938,45626,366,07:00,24,3,35,285,0,5,0.00001,298,65,3,2275,855,1420,166.08
44938,45626,366,21:00,24,1,110,135,0,5,0.00001,347,6,13,660,1755,-1095,165.91
44938,45626,366,13:00,24,3,310,285,0,5,0.00001,331,9,26,2790,7410,-4620,165.59
44938,45626,366,11:00,24,18,35,285,1,5,0.00001,185,173,8,6055,2280,3775,165.57
44938,45626,366,13:00,24,3,260,360,0,5,0.00001,331,12,23,3120,8280,-5160,165.38
44938,45626,366,16:00,0,3,260,60,1,5,0.00001,191,14,161,3640,9660,-6020,165.38
44938,45626,366,17:00,6,1,135,160,0,5,0.00001,337,22,7,2970,1120,1850,165.18
44938,45626,366,20:00,12,3,260,85,0,5,0.00001,284,9,73,2340,6205,-3865,165.17
